AD_ASV520	k127_10853666	95.000	60	1	2	4	62	1430	1372	7.37e-17	93.5
AD_ASV610	k127_10853666	93.333	60	2	2	4	62	1430	1372	3.43e-15	87.9
AD_ASV5597	k127_1694360	93.671	237	15	0	6	242	2223	2459	8.52e-96	355
AD_ASV2692	k127_5955660	95.122	41	2	0	10	50	9859	9819	1.61e-08	65.8
AD_ASV2692	k127_1282156	92.857	42	1	2	11	51	3842	3882	7.48e-07	60.2
AD_ASV1481	k127_1908941	100.000	235	0	0	8	242	3592	3358	1.06e-119	435
AD_ASV882	k127_2793698	98.745	239	2	1	5	242	1317	1555	2.30e-116	424
AD_ASV882	k127_11624708	84.091	132	19	2	112	242	20	150	7.27e-27	126
AD_ASV882	k127_8687199	100.000	31	0	0	13	43	1580	1610	2.69e-06	58.4
AD_ASV848	k127_2793698	99.571	233	1	0	10	242	1323	1555	6.40e-117	425
AD_ASV848	k127_11624708	84.091	132	19	2	112	242	20	150	7.27e-27	126
AD_ASV848	k127_8687199	100.000	32	0	0	12	43	1579	1610	7.48e-07	60.2
AD_ASV1266	k127_2793698	100.000	233	0	0	10	242	1323	1555	1.38e-118	431
AD_ASV1266	k127_11624708	84.091	132	19	2	112	242	20	150	7.27e-27	126
AD_ASV654	k127_2793698	99.142	233	2	0	10	242	1323	1555	2.98e-115	420
AD_ASV654	k127_11624708	84.091	132	19	2	112	242	20	150	7.27e-27	126
AD_ASV654	k127_8687199	100.000	31	0	0	13	43	1580	1610	2.69e-06	58.4
AD_ASV1336	k127_2793698	98.712	233	3	0	10	242	1323	1555	1.39e-113	414
AD_ASV1336	k127_11624708	84.091	132	19	2	112	242	20	150	7.27e-27	126
AD_ASV1132	k127_2793698	99.142	233	2	0	10	242	1323	1555	2.98e-115	420
AD_ASV1132	k127_11624708	84.091	132	19	2	112	242	20	150	7.27e-27	126
AD_ASV1132	k127_8687199	100.000	31	0	0	13	43	1580	1610	2.69e-06	58.4
AD_ASV1766	k127_2793698	98.712	233	3	0	10	242	1323	1555	1.39e-113	414
AD_ASV1766	k127_11624708	84.091	132	19	2	112	242	20	150	7.27e-27	126
AD_ASV1352	k127_2793698	99.163	239	1	1	5	242	1317	1555	4.95e-118	429
AD_ASV1352	k127_11624708	84.091	132	19	2	112	242	20	150	7.27e-27	126
AD_ASV1352	k127_8687199	100.000	32	0	0	12	43	1579	1610	7.48e-07	60.2
AD_ASV2610	k127_2793698	100.000	234	0	0	9	242	1322	1555	3.82e-119	433
AD_ASV2610	k127_11624708	84.091	132	19	2	112	242	20	150	7.27e-27	126
AD_ASV846	k127_2793698	99.573	234	1	0	9	242	1322	1555	1.78e-117	427
AD_ASV846	k127_11624708	84.091	132	19	2	112	242	20	150	7.27e-27	126
AD_ASV846	k127_7192842	82.895	76	13	0	6	81	1463	1388	1.24e-09	69.4
AD_ASV846	k127_8687199	100.000	32	0	0	12	43	1579	1610	7.48e-07	60.2
AD_ASV1783	k127_2793698	99.573	234	1	0	9	242	1322	1555	1.78e-117	427
AD_ASV1783	k127_11624708	84.091	132	19	2	112	242	20	150	7.27e-27	126
AD_ASV915	k127_2793698	99.571	233	1	0	10	242	1323	1555	6.40e-117	425
AD_ASV915	k127_11624708	84.091	132	19	2	112	242	20	150	7.27e-27	126
AD_ASV652	k127_2793698	99.145	234	2	0	9	242	1322	1555	8.28e-116	422
AD_ASV652	k127_11624708	84.091	132	19	2	112	242	20	150	7.27e-27	126
AD_ASV652	k127_8687199	91.111	45	0	4	1	43	1568	1610	2.69e-06	58.4
AD_ASV1135	k127_2793698	99.145	234	2	0	9	242	1322	1555	8.28e-116	422
AD_ASV1135	k127_11624708	84.091	132	19	2	112	242	20	150	7.27e-27	126
AD_ASV1135	k127_8687199	100.000	31	0	0	13	43	1580	1610	2.69e-06	58.4
AD_ASV1629	k127_8438122	91.304	46	2	2	19	63	111	67	2.08e-07	62.1
AD_ASV1124	k127_5209373	98.760	242	3	0	1	242	32278	32519	1.38e-118	431
AD_ASV3338	k127_7180688	100.000	233	0	0	10	242	541	309	1.38e-118	431
AD_ASV1904	k127_10808991	94.444	36	2	0	11	46	918	953	9.67e-06	56.5
AD_ASV2815	k127_10808991	94.444	36	2	0	11	46	918	953	9.67e-06	56.5
AD_ASV2775	k127_10808991	94.118	34	2	0	13	46	920	953	1.25e-04	52.8
AD_ASV1019	k127_10695005	99.565	230	1	0	13	242	1378	1149	2.98e-115	420
AD_ASV1033	k127_10695005	97.934	242	5	0	1	242	1390	1149	2.98e-115	420
AD_ASV1180	k127_10695005	98.696	230	3	0	13	242	1378	1149	6.45e-112	409
AD_ASV905	k127_10291162	91.304	230	20	0	13	242	482	253	1.45e-83	315
AD_ASV1560	k127_10291162	92.174	230	18	0	13	242	482	253	6.68e-87	326
AD_ASV3330	k127_10291162	91.739	230	19	0	13	242	482	253	3.11e-85	320
AD_ASV389	k127_10291162	91.213	239	21	0	4	242	491	253	6.68e-87	326
AD_ASV366	k127_10291162	91.322	242	21	0	1	242	494	253	1.44e-88	331
AD_ASV1774	k127_10291162	90.909	242	22	0	1	242	494	253	6.68e-87	326
AD_ASV1281	k127_10291162	91.736	242	20	0	1	242	494	253	3.08e-90	337
AD_ASV1037	k127_10291162	91.322	242	21	0	1	242	494	253	1.44e-88	331
AD_ASV1087	k127_10291162	91.736	242	20	0	1	242	494	253	3.08e-90	337
AD_ASV1765	k127_10291162	92.050	239	19	0	4	242	491	253	3.08e-90	337
AD_ASV702	k127_10291162	92.050	239	19	0	4	242	491	253	3.08e-90	337
AD_ASV702	k127_5580601	91.667	48	4	0	4	51	1223	1176	4.47e-09	67.6
AD_ASV1310	k127_10291162	92.149	242	19	0	1	242	494	253	6.63e-92	342
AD_ASV928	k127_10291162	91.736	242	20	0	1	242	494	253	3.08e-90	337
AD_ASV502	k127_10291162	91.632	239	20	0	4	242	491	253	1.44e-88	331
AD_ASV832	k127_10291162	99.163	239	2	0	4	242	491	253	1.38e-118	431
AD_ASV646	k127_10291162	99.582	239	1	0	4	242	491	253	2.96e-120	436
AD_ASV477	k127_10291162	98.745	239	3	0	4	242	491	253	6.40e-117	425
AD_ASV1721	k127_10291162	99.174	242	2	0	1	242	494	253	2.96e-120	436
AD_ASV1059	k127_10291162	98.326	239	4	0	4	242	491	253	2.98e-115	420
AD_ASV720	k127_10291162	98.760	242	3	0	1	242	494	253	1.38e-118	431
AD_ASV1697	k127_10291162	99.174	242	2	0	1	242	494	253	2.96e-120	436
AD_ASV2976	k127_10291162	98.347	242	4	0	1	242	494	253	6.40e-117	425
AD_ASV498	k127_10291162	98.760	242	3	0	1	242	494	253	1.38e-118	431
AD_ASV855	k127_10291162	99.174	242	2	0	1	242	494	253	2.96e-120	436
AD_ASV997	k127_10291162	99.587	242	1	0	1	242	494	253	6.35e-122	442
AD_ASV660	k127_10291162	99.565	230	1	0	13	242	482	253	2.98e-115	420
AD_ASV873	k127_10291162	99.174	242	2	0	1	242	494	253	2.96e-120	436
AD_ASV1374	k127_10291162	99.571	233	1	0	10	242	485	253	6.40e-117	425
AD_ASV1756	k127_10291162	99.582	239	1	0	4	242	491	253	2.96e-120	436
AD_ASV1225	k127_10291162	99.582	239	1	0	4	242	491	253	2.96e-120	436
AD_ASV2091	k127_10291162	99.130	230	2	0	13	242	482	253	1.39e-113	414
AD_ASV1288	k127_10291162	98.326	239	4	0	4	242	491	253	2.98e-115	420
AD_ASV981	k127_7882773	99.149	235	2	0	8	242	6345	6111	2.30e-116	424
AD_ASV981	k127_7128295	86.364	66	9	0	13	78	323	258	9.60e-11	73.1
AD_ASV1295	k127_7882773	100.000	230	0	0	13	242	6340	6111	6.40e-117	425
AD_ASV1295	k127_7128295	87.324	71	9	0	8	78	328	258	1.60e-13	82.4
AD_ASV3308	k127_8890171	92.975	242	17	0	1	242	1462	1703	3.06e-95	353
AD_ASV3308	k127_5112127	89.474	57	6	0	137	193	1028	972	9.60e-11	73.1
AD_ASV3308	k127_5352160	74.033	181	35	10	1	175	2179	2353	5.78e-08	63.9
AD_ASV455	k127_8890171	98.347	242	4	0	1	242	1462	1703	6.40e-117	425
AD_ASV540	k127_8890171	98.347	242	4	0	1	242	1462	1703	6.40e-117	425
AD_ASV1097	k127_8890171	99.174	242	2	0	1	242	1462	1703	2.96e-120	436
AD_ASV469	k127_8890171	97.521	242	6	0	1	242	1462	1703	1.39e-113	414
AD_ASV469	k127_5112127	89.474	57	6	0	137	193	1028	972	9.60e-11	73.1
AD_ASV469	k127_5352160	74.302	179	38	7	1	175	2179	2353	1.24e-09	69.4
AD_ASV469	k127_4309676	100.000	32	0	0	1	32	1207	1176	7.48e-07	60.2
AD_ASV726	k127_8890171	96.694	242	8	0	1	242	1462	1703	3.00e-110	403
AD_ASV726	k127_5112127	89.474	57	6	0	137	193	1028	972	9.60e-11	73.1
AD_ASV726	k127_5352160	74.302	179	38	7	1	175	2179	2353	1.24e-09	69.4
AD_ASV271	k127_8890171	97.107	242	7	0	1	242	1462	1703	6.45e-112	409
AD_ASV271	k127_5352160	74.860	179	37	7	1	175	2179	2353	2.67e-11	75.0
AD_ASV271	k127_5112127	89.474	57	6	0	137	193	1028	972	9.60e-11	73.1
AD_ASV1344	k127_8890171	97.107	242	7	0	1	242	1462	1703	6.45e-112	409
AD_ASV1344	k127_5112127	89.474	57	6	0	137	193	1028	972	9.60e-11	73.1
AD_ASV1344	k127_5352160	86.885	61	4	4	117	175	2295	2353	1.61e-08	65.8
AD_ASV474	k127_8890171	96.694	242	8	0	1	242	1462	1703	3.00e-110	403
AD_ASV474	k127_5112127	89.474	57	6	0	137	193	1028	972	9.60e-11	73.1
AD_ASV474	k127_5352160	74.302	179	38	7	1	175	2179	2353	1.24e-09	69.4
AD_ASV1043	k127_8890171	96.694	242	8	0	1	242	1462	1703	3.00e-110	403
AD_ASV1043	k127_5112127	89.474	57	6	0	137	193	1028	972	9.60e-11	73.1
AD_ASV1043	k127_5352160	74.302	179	38	7	1	175	2179	2353	1.24e-09	69.4
AD_ASV1165	k127_8890171	96.281	242	9	0	1	242	1462	1703	1.40e-108	398
AD_ASV1165	k127_5112127	89.474	57	6	0	137	193	1028	972	9.60e-11	73.1
AD_ASV1165	k127_5352160	74.545	165	34	7	15	175	2193	2353	1.61e-08	65.8
AD_ASV361	k127_8890171	97.107	242	7	0	1	242	1462	1703	6.45e-112	409
AD_ASV361	k127_5352160	74.860	179	37	7	1	175	2179	2353	2.67e-11	75.0
AD_ASV361	k127_5112127	89.474	57	6	0	137	193	1028	972	9.60e-11	73.1
AD_ASV1782	k127_8890171	96.567	233	8	0	10	242	1471	1703	3.02e-105	387
AD_ASV1782	k127_5112127	89.474	57	6	0	137	193	1028	972	9.60e-11	73.1
AD_ASV1782	k127_5352160	74.854	171	35	7	9	175	2187	2353	3.45e-10	71.3
AD_ASV818	k127_8890171	97.107	242	7	0	1	242	1462	1703	6.45e-112	409
AD_ASV818	k127_5352160	75.978	179	35	7	1	175	2179	2353	1.23e-14	86.1
AD_ASV818	k127_5112127	89.474	57	6	0	137	193	1028	972	9.60e-11	73.1
AD_ASV617	k127_8890171	96.694	242	8	0	1	242	1462	1703	3.00e-110	403
AD_ASV617	k127_5352160	75.419	179	36	7	1	175	2179	2353	5.74e-13	80.5
AD_ASV617	k127_5112127	89.474	57	6	0	137	193	1028	972	9.60e-11	73.1
AD_ASV1519	k127_8890171	96.281	242	9	0	1	242	1462	1703	1.40e-108	398
AD_ASV1519	k127_5352160	74.860	179	37	7	1	175	2179	2353	2.67e-11	75.0
AD_ASV1519	k127_5112127	89.474	57	6	0	137	193	1028	972	9.60e-11	73.1
AD_ASV1399	k127_8890171	95.868	242	10	0	1	242	1462	1703	6.49e-107	392
AD_ASV1399	k127_5352160	75.419	179	36	7	1	175	2179	2353	5.74e-13	80.5
AD_ASV1399	k127_5112127	89.474	57	6	0	137	193	1028	972	9.60e-11	73.1
AD_ASV795	k127_8890171	96.694	242	8	0	1	242	1462	1703	3.00e-110	403
AD_ASV795	k127_5112127	89.474	57	6	0	137	193	1028	972	9.60e-11	73.1
AD_ASV795	k127_5352160	74.302	179	38	7	1	175	2179	2353	1.24e-09	69.4
AD_ASV433	k127_8890171	96.694	242	8	0	1	242	1462	1703	3.00e-110	403
AD_ASV433	k127_5352160	75.419	179	36	7	1	175	2179	2353	5.74e-13	80.5
AD_ASV433	k127_5112127	89.474	57	6	0	137	193	1028	972	9.60e-11	73.1
AD_ASV922	k127_8890171	96.694	242	8	0	1	242	1462	1703	3.00e-110	403
AD_ASV1029	k127_8890171	97.107	242	7	0	1	242	1462	1703	6.45e-112	409
AD_ASV1366	k127_5352160	75.691	181	34	7	1	176	2179	2354	1.60e-13	82.4
AD_ASV1366	k127_5112127	80.412	97	19	0	142	238	1023	927	2.67e-11	75.0
AD_ASV1493	k127_7128295	96.567	233	8	0	10	242	326	94	3.02e-105	387
AD_ASV1493	k127_7882773	85.915	71	10	0	8	78	6345	6275	7.42e-12	76.8
AD_ASV238	k127_7128295	96.996	233	7	0	10	242	326	94	6.49e-107	392
AD_ASV238	k127_7882773	83.333	78	13	0	1	78	6352	6275	9.60e-11	73.1
AD_ASV1056	k127_7128295	98.723	235	3	0	8	242	328	94	1.07e-114	418
AD_ASV1056	k127_7882773	84.848	66	10	0	13	78	6340	6275	4.47e-09	67.6
AD_ASV752	k127_7128295	99.142	233	2	0	10	242	326	94	2.98e-115	420
AD_ASV752	k127_7882773	85.915	71	10	0	8	78	6345	6275	7.42e-12	76.8
AD_ASV867	k127_7128295	98.347	242	4	0	1	242	335	94	6.40e-117	425
AD_ASV867	k127_7882773	86.364	66	9	0	13	78	6340	6275	9.60e-11	73.1
AD_ASV867	k127_3486725	100.000	32	0	0	1	32	2835	2866	7.48e-07	60.2
AD_ASV1484	k127_7128295	98.283	233	4	0	10	242	326	94	6.45e-112	409
AD_ASV1484	k127_7882773	84.615	78	12	0	1	78	6352	6275	2.06e-12	78.7
AD_ASV1436	k127_7128295	98.718	234	3	0	9	242	327	94	3.85e-114	416
AD_ASV1436	k127_7882773	84.848	66	10	0	13	78	6340	6275	4.47e-09	67.6
AD_ASV382	k127_7128295	98.712	233	3	0	10	242	326	94	1.39e-113	414
AD_ASV382	k127_7882773	83.333	78	13	0	1	78	6352	6275	9.60e-11	73.1
AD_ASV979	k127_7128295	97.934	242	5	0	1	242	335	94	2.98e-115	420
AD_ASV979	k127_7882773	84.848	66	10	0	13	78	6340	6275	4.47e-09	67.6
AD_ASV943	k127_7128295	98.696	230	3	0	13	242	323	94	6.45e-112	409
AD_ASV943	k127_7882773	85.915	71	10	0	8	78	6345	6275	7.42e-12	76.8
AD_ASV840	k127_7128295	98.723	235	3	0	8	242	328	94	1.07e-114	418
AD_ASV840	k127_7882773	84.848	66	10	0	13	78	6340	6275	4.47e-09	67.6
AD_ASV1075	k127_7128295	96.996	233	7	0	10	242	326	94	6.49e-107	392
AD_ASV1075	k127_7882773	84.507	71	11	0	8	78	6345	6275	3.45e-10	71.3
AD_ASV242	k127_7128295	96.996	233	7	0	10	242	326	94	6.49e-107	392
AD_ASV242	k127_7882773	83.333	78	13	0	1	78	6352	6275	9.60e-11	73.1
AD_ASV809	k127_7128295	97.425	233	6	0	10	242	326	94	1.40e-108	398
AD_ASV809	k127_7882773	85.915	71	10	0	8	78	6345	6275	7.42e-12	76.8
AD_ASV862	k127_7128295	96.694	242	8	0	1	242	335	94	3.00e-110	403
AD_ASV862	k127_7882773	86.364	66	9	0	13	78	6340	6275	9.60e-11	73.1
AD_ASV862	k127_3486725	100.000	32	0	0	1	32	2835	2866	7.48e-07	60.2
AD_ASV903	k127_7128295	96.596	235	8	0	8	242	328	94	2.33e-106	390
AD_ASV903	k127_7882773	85.507	69	10	0	10	78	6343	6275	9.60e-11	73.1
AD_ASV961	k127_7128295	97.021	235	7	0	8	242	328	94	5.02e-108	396
AD_ASV961	k127_7882773	84.848	66	10	0	13	78	6340	6275	4.47e-09	67.6
AD_ASV792	k127_7128295	96.281	242	9	0	1	242	335	94	1.40e-108	398
AD_ASV792	k127_7882773	84.848	66	10	0	13	78	6340	6275	4.47e-09	67.6
AD_ASV1084	k127_7128295	96.596	235	8	0	8	242	328	94	2.33e-106	390
AD_ASV1084	k127_7882773	85.507	69	10	0	10	78	6343	6275	9.60e-11	73.1
AD_ASV1323	k127_7128295	96.957	230	7	0	13	242	323	94	3.02e-105	387
AD_ASV1323	k127_7882773	84.615	78	12	0	1	78	6352	6275	2.06e-12	78.7
AD_ASV798	k127_7128295	97.425	233	6	0	10	242	326	94	1.40e-108	398
AD_ASV798	k127_7882773	85.915	71	10	0	8	78	6345	6275	7.42e-12	76.8
AD_ASV653	k127_7128295	96.694	242	8	0	1	242	335	94	3.00e-110	403
AD_ASV653	k127_7882773	86.364	66	9	0	13	78	6340	6275	9.60e-11	73.1
AD_ASV653	k127_3486725	100.000	32	0	0	1	32	2835	2866	7.48e-07	60.2
AD_ASV2272	k127_7128295	97.425	233	6	0	10	242	326	94	1.40e-108	398
AD_ASV2272	k127_7882773	85.714	70	10	0	9	78	6344	6275	2.67e-11	75.0
AD_ASV1433	k127_7128295	97.009	234	7	0	9	242	327	94	1.80e-107	394
AD_ASV1433	k127_7882773	84.848	66	10	0	13	78	6340	6275	4.47e-09	67.6
AD_ASV3797	k127_2946365	98.347	242	4	0	1	242	556	797	6.40e-117	425
AD_ASV1355	k127_8890171	91.489	47	4	0	1	47	1462	1508	1.61e-08	65.8
AD_ASV1040	k127_8890171	91.489	47	4	0	1	47	1462	1508	1.61e-08	65.8
AD_ASV1136	k127_4696170	77.917	240	47	6	4	240	19105	19341	2.01e-32	145
AD_ASV1148	k127_4696170	78.008	241	47	6	3	240	19104	19341	5.58e-33	147
AD_ASV1329	k127_4696170	78.333	240	46	6	4	240	19105	19341	4.31e-34	150
AD_ASV1825	k127_4696170	78.008	241	47	6	3	240	19104	19341	5.58e-33	147
AD_ASV1398	k127_4696170	77.917	240	47	6	4	240	19105	19341	2.01e-32	145
AD_ASV999	k127_3952796	98.712	233	3	0	10	242	246	478	1.39e-113	414
AD_ASV591	k127_3952796	98.347	242	4	0	1	242	237	478	6.40e-117	425
AD_ASV464	k127_7919077	100.000	235	0	0	8	242	516	750	1.06e-119	435
AD_ASV403	k127_7919077	99.574	235	1	0	8	242	516	750	4.95e-118	429
AD_ASV367	k127_7919077	98.760	242	3	0	1	242	509	750	1.38e-118	431
AD_ASV256	k127_7919077	99.174	242	2	0	1	242	509	750	2.96e-120	436
AD_ASV494	k127_7919077	98.760	242	3	0	1	242	509	750	1.38e-118	431
AD_ASV494	k127_1301766	91.489	47	4	0	1	47	1140	1094	1.61e-08	65.8
AD_ASV172	k127_7919077	98.760	242	3	0	1	242	509	750	1.38e-118	431
AD_ASV337	k127_7919077	98.760	242	3	0	1	242	509	750	1.38e-118	431
AD_ASV337	k127_7605282	95.349	43	2	0	4	46	943	985	1.24e-09	69.4
AD_ASV192	k127_7919077	98.760	242	3	0	1	242	509	750	1.38e-118	431
AD_ASV192	k127_4781262	90.000	50	5	0	1	50	7031	7080	1.61e-08	65.8
AD_ASV383	k127_7919077	99.174	242	2	0	1	242	509	750	2.96e-120	436
AD_ASV383	k127_4781262	92.000	50	4	0	1	50	7031	7080	3.45e-10	71.3
AD_ASV383	k127_160832	96.875	32	1	0	1	32	746	715	3.48e-05	54.7
AD_ASV289	k127_7919077	98.347	242	4	0	1	242	509	750	6.40e-117	425
AD_ASV101	k127_7919077	98.347	242	4	0	1	242	509	750	6.40e-117	425
AD_ASV140	k127_7919077	97.934	242	5	0	1	242	509	750	2.98e-115	420
AD_ASV287	k127_7919077	98.347	242	4	0	1	242	509	750	6.40e-117	425
AD_ASV110	k127_7919077	99.574	235	1	0	8	242	516	750	4.95e-118	429
AD_ASV211	k127_7919077	98.760	242	3	0	1	242	509	750	1.38e-118	431
AD_ASV137	k127_7919077	98.760	242	3	0	1	242	509	750	1.38e-118	431
AD_ASV105	k127_7919077	97.934	242	5	0	1	242	509	750	2.98e-115	420
AD_ASV105	k127_1826546	93.617	47	3	0	7	53	3956	3910	3.45e-10	71.3
AD_ASV220	k127_7919077	99.145	234	2	0	9	242	517	750	8.28e-116	422
AD_ASV292	k127_7919077	97.934	242	5	0	1	242	509	750	2.98e-115	420
AD_ASV284	k127_7919077	98.760	242	3	0	1	242	509	750	1.38e-118	431
AD_ASV419	k127_7919077	99.142	233	2	0	10	242	518	750	2.98e-115	420
AD_ASV243	k127_7919077	99.145	234	2	0	9	242	517	750	8.28e-116	422
AD_ASV319	k127_7919077	97.934	242	5	0	1	242	509	750	2.98e-115	420
AD_ASV186	k127_7919077	98.718	234	3	0	9	242	517	750	3.85e-114	416
AD_ASV767	k127_7919077	99.571	233	1	0	10	242	518	750	6.40e-117	425
AD_ASV2452	k127_7919077	98.712	233	3	0	10	242	518	750	1.39e-113	414
AD_ASV2914	k127_7919077	99.145	234	2	0	9	242	517	750	8.28e-116	422
AD_ASV944	k127_7919077	100.000	233	0	0	10	242	518	750	1.38e-118	431
AD_ASV624	k127_7919077	99.573	234	1	0	9	242	517	750	1.78e-117	427
AD_ASV470	k127_7919077	99.142	233	2	0	10	242	518	750	2.98e-115	420
AD_ASV296	k127_7919077	99.142	233	2	0	10	242	518	750	2.98e-115	420
AD_ASV217	k127_7919077	99.145	234	2	0	9	242	517	750	8.28e-116	422
AD_ASV91	k127_7919077	98.723	235	3	0	8	242	516	750	1.07e-114	418
AD_ASV88	k127_7919077	98.712	233	3	0	10	242	518	750	1.39e-113	414
AD_ASV53	k127_7919077	97.934	242	5	0	1	242	509	750	2.98e-115	420
AD_ASV87	k127_7919077	97.934	242	5	0	1	242	509	750	2.98e-115	420
AD_ASV82	k127_7919077	98.347	242	4	0	1	242	509	750	6.40e-117	425
AD_ASV64	k127_7919077	98.347	242	4	0	1	242	509	750	6.40e-117	425
AD_ASV130	k127_7919077	98.347	242	4	0	1	242	509	750	6.40e-117	425
AD_ASV47	k127_7919077	97.521	242	6	0	1	242	509	750	1.39e-113	414
AD_ASV1168	k127_11017060	98.261	230	4	0	13	242	1567	1338	3.00e-110	403
AD_ASV1614	k127_11017060	97.934	242	5	0	1	242	1579	1338	2.98e-115	420
AD_ASV1153	k127_11017060	97.881	236	5	0	7	242	1573	1338	6.45e-112	409
AD_ASV1161	k127_11017060	98.261	230	4	0	13	242	1567	1338	3.00e-110	403
AD_ASV892	k127_11017060	96.694	242	8	0	1	242	1579	1338	3.00e-110	403
AD_ASV1209	k127_11017060	97.107	242	7	0	1	242	1579	1338	6.45e-112	409
AD_ASV644	k127_4440502	94.215	242	14	0	1	242	1835	2076	3.04e-100	370
AD_ASV1199	k127_4440502	94.628	242	13	0	1	242	1835	2076	6.54e-102	375
AD_ASV1162	k127_4440502	94.628	242	13	0	1	242	1835	2076	6.54e-102	375
AD_ASV1564	k127_4440502	97.521	242	6	0	1	242	1835	2076	1.39e-113	414
AD_ASV457	k127_4440502	98.347	242	4	0	1	242	1835	2076	6.40e-117	425
AD_ASV551	k127_4440502	98.760	242	3	0	1	242	1835	2076	1.38e-118	431
AD_ASV1231	k127_4440502	98.347	242	4	0	1	242	1835	2076	6.40e-117	425
AD_ASV579	k127_4440502	98.760	242	3	0	1	242	1835	2076	1.38e-118	431
AD_ASV910	k127_4440502	98.760	242	3	0	1	242	1835	2076	1.38e-118	431
AD_ASV595	k127_4440502	97.934	242	5	0	1	242	1835	2076	2.98e-115	420
AD_ASV800	k127_4440502	98.760	242	3	0	1	242	1835	2076	1.38e-118	431
AD_ASV698	k127_4440502	98.760	242	3	0	1	242	1835	2076	1.38e-118	431
AD_ASV1068	k127_4440502	97.934	242	5	0	1	242	1835	2076	2.98e-115	420
AD_ASV2350	k127_5928867	89.362	47	5	0	1	47	362	316	7.48e-07	60.2
AD_ASV2300	k127_10291162	100.000	29	0	0	4	32	491	463	3.48e-05	54.7
AD_ASV1064	k127_10853666	85.714	238	33	1	1	238	1433	1197	4.13e-64	250
AD_ASV1871	k127_7263207	97.521	242	6	0	1	242	2060	2301	1.39e-113	414
AD_ASV1871	k127_7589871	93.182	44	0	3	11	54	978	938	2.08e-07	62.1
AD_ASV3082	k127_7263207	98.347	242	4	0	1	242	2060	2301	6.40e-117	425
AD_ASV6228	k127_1865972	91.667	48	4	0	1	48	21110	21157	4.47e-09	67.6
AD_ASV1719	k127_3703276	99.569	232	1	0	11	242	16249	16018	2.30e-116	424
AD_ASV965	k127_6635143	98.326	239	4	0	4	242	1801	2039	2.98e-115	420
AD_ASV1781	k127_6635143	98.333	240	4	0	3	242	1800	2039	8.28e-116	422
AD_ASV1664	k127_6635143	99.163	239	2	0	4	242	1801	2039	1.38e-118	431
AD_ASV2225	k127_6635143	99.167	240	2	0	3	242	1800	2039	3.82e-119	433
AD_ASV2225	k127_9911354	90.476	42	3	1	4	45	2879	2839	3.48e-05	54.7
AD_ASV2225	k127_3434768	96.875	32	1	0	1	32	1073	1042	3.48e-05	54.7
AD_ASV771	k127_88483	95.816	239	10	0	4	242	3974	3736	3.02e-105	387
AD_ASV771	k127_6594035	90.417	240	21	2	4	242	1040	802	1.45e-83	315
AD_ASV1391	k127_88483	98.347	242	4	0	1	242	3977	3736	6.40e-117	425
AD_ASV1391	k127_6594035	88.936	235	24	2	1	234	1043	810	8.76e-76	289
AD_ASV345	k127_88483	98.745	239	3	0	4	242	3974	3736	6.40e-117	425
AD_ASV345	k127_6594035	89.224	232	23	2	4	234	1040	810	8.76e-76	289
AD_ASV760	k127_88483	98.745	239	3	0	4	242	3974	3736	6.40e-117	425
AD_ASV760	k127_6594035	89.224	232	23	2	4	234	1040	810	8.76e-76	289
AD_ASV463	k127_88483	98.712	233	3	0	10	242	3968	3736	1.39e-113	414
AD_ASV463	k127_6594035	88.938	226	23	2	10	234	1034	810	1.90e-72	278
AD_ASV662	k127_88483	99.142	233	2	0	10	242	3968	3736	2.98e-115	420
AD_ASV662	k127_6594035	89.381	226	22	2	10	234	1034	810	4.08e-74	283
AD_ASV980	k127_88483	98.347	242	4	0	1	242	3977	3736	6.40e-117	425
AD_ASV980	k127_6594035	88.511	235	25	2	1	234	1043	810	4.08e-74	283
AD_ASV851	k127_88483	99.174	242	2	0	1	242	3977	3736	2.96e-120	436
AD_ASV851	k127_6594035	89.362	235	23	2	1	234	1043	810	1.88e-77	294
AD_ASV615	k127_88483	98.760	242	3	0	1	242	3977	3736	1.38e-118	431
AD_ASV615	k127_6594035	88.936	235	24	2	1	234	1043	810	8.76e-76	289
AD_ASV405	k127_88483	99.571	233	1	0	10	242	3968	3736	6.40e-117	425
AD_ASV405	k127_6594035	89.381	226	22	2	10	234	1034	810	4.08e-74	283
AD_ASV946	k127_88483	98.745	239	3	0	4	242	3974	3736	6.40e-117	425
AD_ASV946	k127_6594035	88.793	232	24	2	4	234	1040	810	4.08e-74	283
AD_ASV934	k127_88483	98.745	239	3	0	4	242	3974	3736	6.40e-117	425
AD_ASV934	k127_6594035	88.793	232	24	2	4	234	1040	810	4.08e-74	283
AD_ASV569	k127_88483	99.130	230	2	0	13	242	3965	3736	1.39e-113	414
AD_ASV569	k127_6594035	89.238	223	22	2	13	234	1031	810	1.90e-72	278
AD_ASV1127	k127_88483	99.130	230	2	0	13	242	3965	3736	1.39e-113	414
AD_ASV1127	k127_6594035	89.238	223	22	2	13	234	1031	810	1.90e-72	278
AD_ASV736	k127_88483	99.565	230	1	0	13	242	3965	3736	2.98e-115	420
AD_ASV736	k127_6594035	89.686	223	21	2	13	234	1031	810	4.08e-74	283
AD_ASV2563	k127_88483	98.347	242	4	0	1	242	3977	3736	6.40e-117	425
AD_ASV2563	k127_6594035	88.936	235	24	2	1	234	1043	810	8.76e-76	289
AD_ASV618	k127_88483	98.760	242	3	0	1	242	3977	3736	1.38e-118	431
AD_ASV618	k127_6594035	89.362	235	23	2	1	234	1043	810	1.88e-77	294
AD_ASV964	k127_88483	99.571	233	1	0	10	242	3968	3736	6.40e-117	425
AD_ASV964	k127_6594035	89.823	226	21	2	10	234	1034	810	8.76e-76	289
AD_ASV1147	k127_88483	98.760	242	3	0	1	242	3977	3736	1.38e-118	431
AD_ASV1147	k127_6594035	89.362	235	23	2	1	234	1043	810	1.88e-77	294
AD_ASV335	k127_88483	98.760	242	3	0	1	242	3977	3736	1.38e-118	431
AD_ASV335	k127_6594035	89.362	235	23	2	1	234	1043	810	1.88e-77	294
AD_ASV330	k127_88483	99.142	233	2	0	10	242	3968	3736	2.98e-115	420
AD_ASV330	k127_6594035	89.381	226	22	2	10	234	1034	810	4.08e-74	283
AD_ASV338	k127_88483	99.142	233	2	0	10	242	3968	3736	2.98e-115	420
AD_ASV338	k127_6594035	89.381	226	22	2	10	234	1034	810	4.08e-74	283
AD_ASV420	k127_88483	99.174	242	2	0	1	242	3977	3736	2.96e-120	436
AD_ASV420	k127_6594035	89.787	235	22	2	1	234	1043	810	4.05e-79	300
AD_ASV1331	k127_88483	100.000	233	0	0	10	242	3968	3736	1.38e-118	431
AD_ASV1331	k127_6594035	89.823	226	21	2	10	234	1034	810	8.76e-76	289
AD_ASV697	k127_88483	99.582	239	1	0	4	242	3974	3736	2.96e-120	436
AD_ASV697	k127_6594035	89.655	232	22	2	4	234	1040	810	1.88e-77	294
AD_ASV976	k127_88483	100.000	233	0	0	10	242	3968	3736	1.38e-118	431
AD_ASV976	k127_6594035	89.823	226	21	2	10	234	1034	810	8.76e-76	289
AD_ASV733	k127_88483	98.347	242	4	0	1	242	3977	3736	6.40e-117	425
AD_ASV733	k127_6594035	88.936	235	24	2	1	234	1043	810	8.76e-76	289
AD_ASV1215	k127_88483	99.571	233	1	0	10	242	3968	3736	6.40e-117	425
AD_ASV1215	k127_6594035	89.381	226	22	2	10	234	1034	810	4.08e-74	283
AD_ASV344	k127_88483	98.326	239	4	0	4	242	3974	3736	2.98e-115	420
AD_ASV344	k127_6594035	88.793	232	24	2	4	234	1040	810	4.08e-74	283
AD_ASV689	k127_88483	98.718	234	3	0	9	242	3969	3736	3.85e-114	416
AD_ASV689	k127_6594035	88.987	227	23	2	9	234	1035	810	5.27e-73	279
AD_ASV1189	k127_88483	99.145	234	2	0	9	242	3969	3736	8.28e-116	422
AD_ASV1189	k127_6594035	89.427	227	22	2	9	234	1035	810	1.13e-74	285
AD_ASV703	k127_88483	99.142	233	2	0	10	242	3968	3736	2.98e-115	420
AD_ASV703	k127_6594035	89.381	226	22	2	10	234	1034	810	4.08e-74	283
AD_ASV1586	k127_88483	99.130	230	2	0	13	242	3965	3736	1.39e-113	414
AD_ASV1586	k127_6594035	89.238	223	22	2	13	234	1031	810	1.90e-72	278
AD_ASV1158	k127_88483	99.573	234	1	0	9	242	3969	3736	1.78e-117	427
AD_ASV1158	k127_6594035	89.868	227	21	2	9	234	1035	810	2.44e-76	291
AD_ASV479	k127_88483	98.347	242	4	0	1	242	3977	3736	6.40e-117	425
AD_ASV479	k127_6594035	88.936	235	24	2	1	234	1043	810	8.76e-76	289
AD_ASV912	k127_88483	97.908	239	5	0	4	242	3974	3736	1.39e-113	414
AD_ASV912	k127_6594035	88.362	232	25	2	4	234	1040	810	1.90e-72	278
AD_ASV1889	k127_1663731	98.745	239	3	0	4	242	2883	2645	6.40e-117	425
AD_ASV898	k127_8794353	94.937	79	4	0	1	79	1014	1092	2.61e-26	124
AD_ASV630	k127_8794353	94.937	79	4	0	1	79	1014	1092	2.61e-26	124
AD_ASV739	k127_8794353	94.937	79	4	0	1	79	1014	1092	2.61e-26	124
AD_ASV1660	k127_8794353	94.937	79	4	0	1	79	1014	1092	2.61e-26	124
AD_ASV1660	k127_5617184	97.143	35	1	0	10	44	493	527	7.48e-07	60.2
AD_ASV359	k127_8794353	96.203	79	3	0	1	79	1014	1092	5.62e-28	130
AD_ASV387	k127_8794353	96.203	79	3	0	1	79	1014	1092	5.62e-28	130
AD_ASV2106	k127_8794353	96.203	79	3	0	1	79	1014	1092	5.62e-28	130
AD_ASV931	k127_8794353	96.203	79	3	0	1	79	1014	1092	5.62e-28	130
AD_ASV597	k127_8794353	97.468	79	2	0	1	79	1014	1092	1.21e-29	135
AD_ASV519	k127_8794353	96.203	79	3	0	1	79	1014	1092	5.62e-28	130
AD_ASV395	k127_8794353	96.203	79	3	0	1	79	1014	1092	5.62e-28	130
AD_ASV127	k127_8794353	96.203	79	3	0	1	79	1014	1092	5.62e-28	130
AD_ASV1447	k127_8794353	94.937	79	4	0	1	79	1014	1092	2.61e-26	124
AD_ASV949	k127_8794353	94.937	79	4	0	1	79	1014	1092	2.61e-26	124
AD_ASV102	k127_8794353	92.308	78	6	0	1	78	1014	1091	2.04e-22	111
AD_ASV932	k127_8794353	91.026	78	7	0	1	78	1014	1091	9.47e-21	106
AD_ASV439	k127_8794353	91.026	78	7	0	1	78	1014	1091	9.47e-21	106
AD_ASV270	k127_8794353	92.308	78	6	0	1	78	1014	1091	2.04e-22	111
AD_ASV482	k127_8794353	92.308	78	6	0	1	78	1014	1091	2.04e-22	111
AD_ASV480	k127_8794353	91.026	78	7	0	1	78	1014	1091	9.47e-21	106
AD_ASV324	k127_8794353	93.590	78	5	0	1	78	1014	1091	4.37e-24	117
AD_ASV603	k127_8794353	93.590	78	5	0	1	78	1014	1091	4.37e-24	117
AD_ASV544	k127_8794353	92.308	78	6	0	1	78	1014	1091	2.04e-22	111
AD_ASV803	k127_8794353	92.208	77	6	0	1	77	1014	1090	7.32e-22	110
AD_ASV1668	k127_8794353	90.909	77	7	0	1	77	1014	1090	3.41e-20	104
AD_ASV508	k127_8794353	92.208	77	6	0	1	77	1014	1090	7.32e-22	110
AD_ASV684	k127_8794353	92.308	78	6	0	1	78	1014	1091	2.04e-22	111
AD_ASV132	k127_8794353	92.308	78	6	0	1	78	1014	1091	2.04e-22	111
AD_ASV524	k127_8794353	91.026	78	7	0	1	78	1014	1091	9.47e-21	106
AD_ASV694	k127_8794353	94.203	69	4	0	10	78	1023	1091	9.47e-21	106
AD_ASV1549	k127_8794353	95.652	69	3	0	10	78	1023	1091	2.04e-22	111
AD_ASV691	k127_8794353	91.026	78	7	0	1	78	1014	1091	9.47e-21	106
AD_ASV503	k127_8794353	91.026	78	7	0	1	78	1014	1091	9.47e-21	106
AD_ASV415	k127_8794353	92.308	78	6	0	1	78	1014	1091	2.04e-22	111
AD_ASV1200	k127_8794353	92.308	78	6	0	1	78	1014	1091	2.04e-22	111
AD_ASV692	k127_8794353	89.744	78	8	0	1	78	1014	1091	4.41e-19	100
AD_ASV2195	k127_8794353	94.203	69	4	0	10	78	1023	1091	9.47e-21	106
AD_ASV1128	k127_11013631	99.153	236	2	0	7	242	2075	1840	6.40e-117	425
AD_ASV831	k127_1527032	97.881	236	5	0	7	242	8789	8554	6.45e-112	409
AD_ASV400	k127_1527032	95.763	236	10	0	7	242	8789	8554	1.41e-103	381
AD_ASV568	k127_1527032	93.388	242	16	0	1	242	8795	8554	6.58e-97	359
AD_ASV1170	k127_1527032	94.783	230	12	0	13	242	8783	8554	6.58e-97	359
AD_ASV1640	k127_1527032	94.348	230	13	0	13	242	8783	8554	3.06e-95	353
AD_ASV781	k127_1527032	94.068	236	14	0	7	242	8789	8554	6.58e-97	359
AD_ASV6325	k127_8463238	93.333	45	3	0	1	45	45	1	4.47e-09	67.6
AD_ASV6325	k127_3486725	96.970	33	1	0	1	33	2835	2867	9.67e-06	56.5
AD_ASV1185	k127_4696170	98.347	242	4	0	1	242	4451	4210	6.40e-117	425
AD_ASV2220	k127_4696170	99.565	230	1	0	13	242	4439	4210	2.98e-115	420
AD_ASV754	k127_4696170	98.760	242	3	0	1	242	4451	4210	1.38e-118	431
AD_ASV1204	k127_4696170	99.174	242	2	0	1	242	4451	4210	2.96e-120	436
AD_ASV1758	k127_4696170	99.174	242	2	0	1	242	4451	4210	2.96e-120	436
AD_ASV677	k127_4696170	98.760	242	3	0	1	242	4451	4210	1.38e-118	431
AD_ASV799	k127_4696170	98.347	242	4	0	1	242	4451	4210	6.40e-117	425
AD_ASV1190	k127_4696170	98.760	242	3	0	1	242	4451	4210	1.38e-118	431
AD_ASV925	k127_4696170	100.000	230	0	0	13	242	4439	4210	6.40e-117	425
AD_ASV954	k127_4696170	99.565	230	1	0	13	242	4439	4210	2.98e-115	420
AD_ASV495	k127_10297801	100.000	32	0	0	13	44	7487	7456	7.48e-07	60.2
AD_ASV495	k127_1376707	94.444	36	2	0	19	54	2856	2821	9.67e-06	56.5
AD_ASV3161	k127_1376707	89.796	49	5	0	6	54	2869	2821	5.78e-08	63.9
AD_ASV1546	k127_10795177	99.574	235	1	0	8	242	6015	5781	4.95e-118	429
AD_ASV1250	k127_10795177	99.565	230	1	0	13	242	6010	5781	2.98e-115	420
AD_ASV2953	k127_5006240	98.347	242	4	0	1	242	8483	8242	6.40e-117	425
AD_ASV1723	k127_5006240	99.142	233	2	0	10	242	8474	8242	2.98e-115	420
AD_ASV564	k127_5006240	98.347	242	4	0	1	242	8483	8242	6.40e-117	425
AD_ASV3050	k127_5006240	99.174	242	2	0	1	242	8483	8242	2.96e-120	436
AD_ASV776	k127_5006240	98.347	242	4	0	1	242	8483	8242	6.40e-117	425
AD_ASV1381	k127_5006240	99.571	233	1	0	10	242	8474	8242	6.40e-117	425
AD_ASV821	k127_5006240	98.745	239	3	0	4	242	8480	8242	6.40e-117	425
AD_ASV2017	k127_5006240	98.718	234	3	0	9	242	8475	8242	3.85e-114	416
AD_ASV1016	k127_5006240	98.745	239	3	0	4	242	8480	8242	6.40e-117	425
AD_ASV1241	k127_5006240	99.142	233	2	0	10	242	8474	8242	2.98e-115	420
AD_ASV941	k127_5006240	98.347	242	4	0	1	242	8483	8242	6.40e-117	425
AD_ASV788	k127_5006240	98.347	242	4	0	1	242	8483	8242	6.40e-117	425
AD_ASV1230	k127_5006240	98.745	239	3	0	4	242	8480	8242	6.40e-117	425
AD_ASV705	k127_5006240	98.745	239	3	0	4	242	8480	8242	6.40e-117	425
AD_ASV1217	k127_5006240	98.745	239	3	0	4	242	8480	8242	6.40e-117	425
AD_ASV1032	k127_6876970	97.934	242	5	0	1	242	422	181	2.98e-115	420
AD_ASV1243	k127_6876970	98.347	242	4	0	1	242	422	181	6.40e-117	425
AD_ASV1023	k127_6876970	99.163	239	2	0	4	242	419	181	1.38e-118	431
AD_ASV1034	k127_6876970	98.326	239	4	0	4	242	419	181	2.98e-115	420
AD_ASV1865	k127_6876970	99.142	233	2	0	10	242	413	181	2.98e-115	420
AD_ASV971	k127_6876970	98.760	242	3	0	1	242	422	181	1.38e-118	431
AD_ASV560	k127_6876970	98.347	242	4	0	1	242	422	181	6.40e-117	425
AD_ASV896	k127_6876970	98.760	242	3	0	1	242	422	181	1.38e-118	431
AD_ASV850	k127_6876970	98.745	239	3	0	4	242	419	181	6.40e-117	425
AD_ASV2603	k127_6876970	99.571	233	1	0	10	242	413	181	6.40e-117	425
AD_ASV1773	k127_6876970	100.000	230	0	0	13	242	410	181	6.40e-117	425
AD_ASV1120	k127_6876970	99.565	230	1	0	13	242	410	181	2.98e-115	420
AD_ASV1411	k127_6876970	99.565	230	1	0	13	242	410	181	2.98e-115	420
AD_ASV2408	k127_6876970	98.760	242	3	0	1	242	422	181	1.38e-118	431
AD_ASV2408	k127_160832	83.824	68	7	4	1	67	746	682	2.08e-07	62.1
AD_ASV2408	k127_4781262	100.000	32	0	0	1	32	7031	7062	7.48e-07	60.2
AD_ASV1257	k127_6876970	99.565	230	1	0	13	242	410	181	2.98e-115	420
AD_ASV1559	k127_6876970	99.163	239	2	0	4	242	419	181	1.38e-118	431
AD_ASV1559	k127_11199647	93.617	47	3	0	1	47	708	754	3.45e-10	71.3
AD_ASV2939	k127_3389987	88.608	79	7	2	4	81	699	622	2.05e-17	95.3
AD_ASV2541	k127_5758719	100.000	28	0	0	22	49	1982	1955	1.25e-04	52.8
AD_ASV2022	k127_5758719	100.000	28	0	0	22	49	1982	1955	1.25e-04	52.8
AD_ASV1460	k127_5758719	100.000	28	0	0	22	49	1982	1955	1.25e-04	52.8
AD_ASV4543	k127_3389987	98.760	242	3	0	1	242	702	461	1.38e-118	431
AD_ASV1894	k127_4546066	98.347	242	4	0	1	242	2086	1845	6.40e-117	425
AD_ASV1439	k127_4546066	97.521	242	6	0	1	242	2086	1845	1.39e-113	414
AD_ASV3271	k127_8794447	100.000	217	0	0	26	242	1	217	1.08e-109	401
AD_ASV1632	k127_5046338	97.934	242	5	0	1	242	1197	1438	2.98e-115	420
AD_ASV1632	k127_10381703	100.000	29	0	0	15	43	655	627	3.48e-05	54.7
AD_ASV1584	k127_5046338	97.934	242	5	0	1	242	1197	1438	2.98e-115	420
AD_ASV1584	k127_10381703	100.000	29	0	0	15	43	655	627	3.48e-05	54.7
AD_ASV588	k127_5046338	98.347	242	4	0	1	242	1197	1438	6.40e-117	425
AD_ASV588	k127_10381703	100.000	29	0	0	15	43	655	627	3.48e-05	54.7
AD_ASV699	k127_5046338	98.760	242	3	0	1	242	1197	1438	1.38e-118	431
AD_ASV699	k127_10381703	90.698	43	4	0	1	43	669	627	2.69e-06	58.4
AD_ASV1074	k127_5046338	98.347	242	4	0	1	242	1197	1438	6.40e-117	425
AD_ASV1655	k127_5046338	97.521	242	6	0	1	242	1197	1438	1.39e-113	414
AD_ASV3054	k127_5046338	93.388	242	16	0	1	242	1197	1438	6.58e-97	359
AD_ASV3054	k127_5209373	85.484	62	9	0	1	62	13089	13150	1.61e-08	65.8
AD_ASV1961	k127_5046338	93.388	242	16	0	1	242	1197	1438	6.58e-97	359
AD_ASV1961	k127_5209373	85.484	62	9	0	1	62	13089	13150	1.61e-08	65.8
AD_ASV2450	k127_5046338	94.215	242	14	0	1	242	1197	1438	3.04e-100	370
AD_ASV2450	k127_5209373	88.710	62	7	0	1	62	13089	13150	7.42e-12	76.8
AD_ASV2450	k127_5202175	95.745	47	2	0	1	47	457	503	7.42e-12	76.8
AD_ASV2450	k127_4309676	91.111	45	4	0	4	48	1204	1160	2.08e-07	62.1
AD_ASV1571	k127_6856249	92.857	42	3	0	4	45	714	673	2.08e-07	62.1
AD_ASV1571	k127_1098781	100.000	32	0	0	1	32	3308	3339	7.48e-07	60.2
AD_ASV2741	k127_8038322	99.163	239	2	0	4	242	938	700	1.38e-118	431
AD_ASV930	k127_10682637	98.760	242	3	0	1	242	3540	3299	1.38e-118	431
AD_ASV1130	k127_10682637	100.000	230	0	0	13	242	3528	3299	6.40e-117	425
AD_ASV1419	k127_10682637	99.574	235	1	0	8	242	3533	3299	4.95e-118	429
AD_ASV1713	k127_10682637	97.107	242	7	0	1	242	3540	3299	6.45e-112	409
AD_ASV2496	k127_10682637	98.298	235	4	0	8	242	3533	3299	4.98e-113	412
AD_ASV1131	k127_10682637	98.261	230	4	0	13	242	3528	3299	3.00e-110	403
AD_ASV901	k127_10682637	97.107	242	7	0	1	242	3540	3299	6.45e-112	409
AD_ASV1605	k127_10682637	98.283	233	4	0	10	242	3531	3299	6.45e-112	409
AD_ASV177	k127_1428654	98.261	230	4	0	13	242	10446	10217	3.00e-110	403
AD_ASV375	k127_1428654	98.696	230	3	0	13	242	10446	10217	6.45e-112	409
AD_ASV69	k127_1428654	98.261	230	4	0	13	242	10446	10217	3.00e-110	403
AD_ASV126	k127_1428654	97.872	235	5	0	8	242	10451	10217	2.32e-111	407
AD_ASV210	k127_1428654	98.298	235	4	0	8	242	10451	10217	4.98e-113	412
AD_ASV311	k127_1428654	98.723	235	3	0	8	242	10451	10217	1.07e-114	418
AD_ASV51	k127_1428654	97.521	242	6	0	1	242	10458	10217	1.39e-113	414
AD_ASV451	k127_1428654	99.130	230	2	0	13	242	10446	10217	1.39e-113	414
AD_ASV27	k127_1428654	98.696	230	3	0	13	242	10446	10217	6.45e-112	409
AD_ASV31	k127_1428654	98.298	235	4	0	8	242	10451	10217	4.98e-113	412
AD_ASV318	k127_1428654	98.729	236	3	0	7	242	10452	10217	2.98e-115	420
AD_ASV80	k127_1428654	98.723	235	3	0	8	242	10451	10217	1.07e-114	418
AD_ASV59	k127_1428654	98.712	233	3	0	10	242	10449	10217	1.39e-113	414
AD_ASV121	k127_1428654	98.729	236	3	0	7	242	10452	10217	2.98e-115	420
AD_ASV71	k127_1428654	97.934	242	5	0	1	242	10458	10217	2.98e-115	420
AD_ASV32	k127_1428654	98.696	230	3	0	13	242	10446	10217	6.45e-112	409
AD_ASV2103	k127_1428654	97.872	235	5	0	8	242	10451	10217	2.32e-111	407
AD_ASV2081	k127_1428654	97.521	242	6	0	1	242	10458	10217	1.39e-113	414
AD_ASV887	k127_1428654	97.881	236	5	0	7	242	10452	10217	6.45e-112	409
AD_ASV2066	k127_1428654	98.718	234	3	0	9	242	10450	10217	3.85e-114	416
AD_ASV2542	k127_1428654	99.142	233	2	0	10	242	10449	10217	2.98e-115	420
AD_ASV401	k127_1428654	97.521	242	6	0	1	242	10458	10217	1.39e-113	414
AD_ASV1556	k127_1428654	97.863	234	5	0	9	242	10450	10217	8.34e-111	405
AD_ASV2426	k127_1428654	98.760	242	3	0	1	242	10458	10217	1.38e-118	431
AD_ASV197	k127_1428654	98.718	234	3	0	9	242	10450	10217	3.85e-114	416
AD_ASV1042	k127_1428654	99.142	233	2	0	10	242	10449	10217	2.98e-115	420
AD_ASV2045	k127_1428654	99.142	233	2	0	10	242	10449	10217	2.98e-115	420
AD_ASV623	k127_1428654	99.130	230	2	0	13	242	10446	10217	1.39e-113	414
AD_ASV251	k127_1428654	97.934	242	5	0	1	242	10458	10217	2.98e-115	420
AD_ASV221	k127_1428654	98.291	234	4	0	9	242	10450	10217	1.79e-112	411
AD_ASV203	k127_1428654	98.696	230	3	0	13	242	10446	10217	6.45e-112	409
AD_ASV1106	k127_1428654	99.565	230	1	0	13	242	10446	10217	2.98e-115	420
AD_ASV111	k127_1428654	97.521	242	6	0	1	242	10458	10217	1.39e-113	414
AD_ASV176	k127_1428654	98.696	230	3	0	13	242	10446	10217	6.45e-112	409
AD_ASV874	k127_1428654	98.347	242	4	0	1	242	10458	10217	6.40e-117	425
AD_ASV460	k127_1428654	99.149	235	2	0	8	242	10451	10217	2.30e-116	424
AD_ASV565	k127_1428654	99.153	236	2	0	7	242	10452	10217	6.40e-117	425
AD_ASV633	k127_1428654	100.000	234	0	0	9	242	10450	10217	3.82e-119	433
AD_ASV753	k127_1428654	98.729	236	3	0	7	242	10452	10217	2.98e-115	420
AD_ASV363	k127_1428654	99.142	233	2	0	10	242	10449	10217	2.98e-115	420
AD_ASV531	k127_1428654	99.130	230	2	0	13	242	10446	10217	1.39e-113	414
AD_ASV911	k127_1428654	99.576	236	1	0	7	242	10452	10217	1.38e-118	431
AD_ASV504	k127_1428654	99.153	236	2	0	7	242	10452	10217	6.40e-117	425
AD_ASV782	k127_1428654	99.145	234	2	0	9	242	10450	10217	8.28e-116	422
AD_ASV1626	k127_1428654	99.565	230	1	0	13	242	10446	10217	2.98e-115	420
AD_ASV2204	k127_1428654	97.521	242	6	0	1	242	10458	10217	1.39e-113	414
AD_ASV372	k127_1428654	98.347	242	4	0	1	242	10458	10217	6.40e-117	425
AD_ASV321	k127_1428654	99.174	242	2	0	1	242	10458	10217	2.96e-120	436
AD_ASV404	k127_1428654	98.760	242	3	0	1	242	10458	10217	1.38e-118	431
AD_ASV945	k127_1428654	100.000	233	0	0	10	242	10449	10217	1.38e-118	431
AD_ASV200	k127_1428654	99.574	235	1	0	8	242	10451	10217	4.95e-118	429
AD_ASV394	k127_1428654	100.000	233	0	0	10	242	10449	10217	1.38e-118	431
AD_ASV261	k127_1428654	100.000	230	0	0	13	242	10446	10217	6.40e-117	425
AD_ASV274	k127_1428654	98.760	242	3	0	1	242	10458	10217	1.38e-118	431
AD_ASV493	k127_1428654	99.565	230	1	0	13	242	10446	10217	2.98e-115	420
AD_ASV1194	k127_1428654	98.347	242	4	0	1	242	10458	10217	6.40e-117	425
AD_ASV514	k127_1428654	98.347	242	4	0	1	242	10458	10217	6.40e-117	425
AD_ASV550	k127_1428654	99.174	242	2	0	1	242	10458	10217	2.96e-120	436
AD_ASV3498	k127_4862405	88.636	44	5	0	4	47	7396	7353	3.48e-05	54.7
AD_ASV331	k127_7882773	99.130	230	2	0	13	242	3011	2782	1.39e-113	414
AD_ASV198	k127_7882773	99.163	239	2	0	4	242	3020	2782	1.38e-118	431
AD_ASV219	k127_7882773	98.745	239	3	0	4	242	3020	2782	6.40e-117	425
AD_ASV417	k127_7882773	99.163	239	2	0	4	242	3020	2782	1.38e-118	431
AD_ASV340	k127_7882773	98.760	242	3	0	1	242	3023	2782	1.38e-118	431
AD_ASV360	k127_7882773	99.571	233	1	0	10	242	3014	2782	6.40e-117	425
AD_ASV258	k127_7882773	99.145	234	2	0	9	242	3015	2782	8.28e-116	422
AD_ASV139	k127_7882773	99.571	233	1	0	10	242	3014	2782	6.40e-117	425
AD_ASV1704	k127_7882773	99.145	234	2	0	9	242	3015	2782	8.28e-116	422
AD_ASV170	k127_7882773	98.745	239	3	0	4	242	3020	2782	6.40e-117	425
AD_ASV116	k127_7882773	99.565	230	1	0	13	242	3011	2782	2.98e-115	420
AD_ASV1489	k127_7882773	98.326	239	4	0	4	242	3020	2782	2.98e-115	420
AD_ASV134	k127_7882773	98.760	242	3	0	1	242	3023	2782	1.38e-118	431
AD_ASV174	k127_7882773	99.145	234	2	0	9	242	3015	2782	8.28e-116	422
AD_ASV714	k127_7882773	98.760	242	3	0	1	242	3023	2782	1.38e-118	431
AD_ASV984	k127_7882773	98.760	242	3	0	1	242	3023	2782	1.38e-118	431
AD_ASV149	k127_7882773	98.347	242	4	0	1	242	3023	2782	6.40e-117	425
AD_ASV285	k127_7882773	99.130	230	2	0	13	242	3011	2782	1.39e-113	414
AD_ASV315	k127_7882773	97.934	242	5	0	1	242	3023	2782	2.98e-115	420
AD_ASV561	k127_7882773	98.326	239	4	0	4	242	3020	2782	2.98e-115	420
AD_ASV327	k127_7882773	98.745	239	3	0	4	242	3020	2782	6.40e-117	425
AD_ASV384	k127_7882773	99.174	242	2	0	1	242	3023	2782	2.96e-120	436
AD_ASV719	k127_7882773	99.163	239	2	0	4	242	3020	2782	1.38e-118	431
AD_ASV607	k127_7882773	99.571	233	1	0	10	242	3014	2782	6.40e-117	425
AD_ASV458	k127_7882773	98.347	242	4	0	1	242	3023	2782	6.40e-117	425
AD_ASV424	k127_7882773	99.565	230	1	0	13	242	3011	2782	2.98e-115	420
AD_ASV501	k127_7882773	100.000	230	0	0	13	242	3011	2782	6.40e-117	425
AD_ASV844	k127_7882773	99.163	239	2	0	4	242	3020	2782	1.38e-118	431
AD_ASV343	k127_7882773	99.571	233	1	0	10	242	3014	2782	6.40e-117	425
AD_ASV250	k127_7882773	98.745	239	3	0	4	242	3020	2782	6.40e-117	425
AD_ASV207	k127_7882773	99.565	230	1	0	13	242	3011	2782	2.98e-115	420
AD_ASV1283	k127_8284017	98.347	242	4	0	1	242	418	659	6.40e-117	425
AD_ASV555	k127_3899191	97.934	242	5	0	1	242	12594	12835	2.98e-115	420
AD_ASV380	k127_3899191	97.934	242	5	0	1	242	12594	12835	2.98e-115	420
AD_ASV410	k127_3899191	97.521	242	6	0	1	242	12594	12835	1.39e-113	414
AD_ASV143	k127_3899191	97.934	242	5	0	1	242	12594	12835	2.98e-115	420
AD_ASV406	k127_3899191	98.760	242	3	0	1	242	12594	12835	1.38e-118	431
AD_ASV950	k127_3899191	99.174	242	2	0	1	242	12594	12835	2.96e-120	436
AD_ASV950	k127_5404827	100.000	34	0	0	10	43	9881	9914	5.78e-08	63.9
AD_ASV1146	k127_3899191	98.347	242	4	0	1	242	12594	12835	6.40e-117	425
AD_ASV1540	k127_3899191	98.347	242	4	0	1	242	12594	12835	6.40e-117	425
AD_ASV1540	k127_11286534	87.013	77	7	3	1	76	2197	2271	4.44e-14	84.2
AD_ASV1540	k127_5404827	100.000	34	0	0	10	43	9881	9914	5.78e-08	63.9
AD_ASV511	k127_3899191	98.760	242	3	0	1	242	12594	12835	1.38e-118	431
AD_ASV511	k127_5404827	100.000	34	0	0	10	43	9881	9914	5.78e-08	63.9
AD_ASV983	k127_3899191	95.868	242	10	0	1	242	12594	12835	6.49e-107	392
AD_ASV109	k127_3899191	97.521	242	6	0	1	242	12594	12835	1.39e-113	414
AD_ASV651	k127_3899191	98.347	242	4	0	1	242	12594	12835	6.40e-117	425
AD_ASV554	k127_3899191	97.934	242	5	0	1	242	12594	12835	2.98e-115	420
AD_ASV554	k127_10853666	93.182	44	3	0	4	47	1430	1387	1.61e-08	65.8
AD_ASV643	k127_3899191	97.934	242	5	0	1	242	12594	12835	2.98e-115	420
AD_ASV532	k127_3899191	98.347	242	4	0	1	242	12594	12835	6.40e-117	425
AD_ASV1083	k127_8820744	97.521	242	6	0	1	242	6005	5764	1.39e-113	414
AD_ASV1434	k127_8820744	97.521	242	6	0	1	242	6005	5764	1.39e-113	414
AD_ASV1448	k127_8820744	97.490	239	6	0	4	242	6002	5764	6.45e-112	409
AD_ASV657	k127_3676221	99.174	242	2	0	1	242	5885	5644	2.96e-120	436
AD_ASV1977	k127_3676221	98.760	242	3	0	1	242	5885	5644	1.38e-118	431
AD_ASV636	k127_3676221	98.760	242	3	0	1	242	5885	5644	1.38e-118	431
AD_ASV1872	k127_3676221	99.587	242	1	0	1	242	5885	5644	6.35e-122	442
AD_ASV1463	k127_4682655	94.850	233	12	0	8	240	427	659	1.42e-98	364
AD_ASV1463	k127_7642831	92.704	233	17	0	10	242	932	700	3.08e-90	337
AD_ASV1463	k127_2788448	100.000	32	0	0	15	46	537	568	7.48e-07	60.2
AD_ASV1298	k127_4682655	93.750	240	15	0	1	240	420	659	1.83e-97	361
AD_ASV1298	k127_7642831	92.982	228	16	0	15	242	927	700	3.99e-89	333
AD_ASV1298	k127_2788448	97.222	36	1	0	11	46	533	568	2.08e-07	62.1
AD_ASV877	k127_4682655	95.133	226	11	0	15	240	434	659	2.37e-96	357
AD_ASV877	k127_7642831	92.982	228	16	0	15	242	927	700	3.99e-89	333
AD_ASV877	k127_2788448	91.304	46	4	0	1	46	523	568	5.78e-08	63.9
AD_ASV2544	k127_4682655	94.690	226	12	0	15	240	434	659	1.10e-94	351
AD_ASV2544	k127_7642831	92.982	228	16	0	15	242	927	700	3.99e-89	333
AD_ASV833	k127_5203824	99.561	228	1	0	15	242	2419	2646	3.85e-114	416
AD_ASV639	k127_5203824	99.142	233	2	0	10	242	2414	2646	2.98e-115	420
AD_ASV1082	k127_5203824	98.347	242	4	0	1	242	2405	2646	6.40e-117	425
AD_ASV1409	k127_5203824	98.760	242	3	0	1	242	2405	2646	1.38e-118	431
AD_ASV816	k127_5203824	99.142	233	2	0	10	242	2414	2646	2.98e-115	420
AD_ASV963	k127_5203824	98.718	234	3	0	9	242	2413	2646	3.85e-114	416
AD_ASV1989	k127_5203824	98.347	242	4	0	1	242	2405	2646	6.40e-117	425
AD_ASV906	k127_5203824	99.145	234	2	0	9	242	2413	2646	8.28e-116	422
AD_ASV620	k127_5203824	97.934	242	5	0	1	242	2405	2646	2.98e-115	420
AD_ASV1486	k127_5203824	98.718	234	3	0	9	242	2413	2646	3.85e-114	416
AD_ASV796	k127_5203824	97.934	242	5	0	1	242	2405	2646	2.98e-115	420
AD_ASV500	k127_5203824	99.561	228	1	0	15	242	2419	2646	3.85e-114	416
AD_ASV1442	k127_5203824	97.934	242	5	0	1	242	2405	2646	2.98e-115	420
AD_ASV967	k127_5203824	99.561	228	1	0	15	242	2419	2646	3.85e-114	416
AD_ASV725	k127_5203824	95.868	242	10	0	1	242	2405	2646	6.49e-107	392
AD_ASV1299	k127_7753812	95.455	44	2	0	4	47	516	473	3.45e-10	71.3
AD_ASV2083	k127_7753812	97.143	35	1	0	13	47	507	473	7.48e-07	60.2
AD_ASV951	k127_7753812	91.489	47	4	0	1	47	519	473	1.61e-08	65.8
AD_ASV913	k127_4834489	87.273	55	6	1	4	57	186	132	2.08e-07	62.1
AD_ASV933	k127_7753812	95.745	47	2	0	1	47	519	473	7.42e-12	76.8
AD_ASV2113	k127_4862405	84.906	53	8	0	1	53	7399	7347	3.48e-05	54.7
AD_ASV3081	k127_5811313	98.347	242	4	0	1	242	5740	5981	6.40e-117	425
AD_ASV1427	k127_5097607	95.425	153	7	0	13	165	1651	1803	1.92e-62	244
AD_ASV1306	k127_5097607	95.484	155	7	0	11	165	1649	1803	1.49e-63	248
AD_ASV1247	k127_7163132	98.760	242	3	0	1	242	1169	928	1.38e-118	431
AD_ASV747	k127_7163132	99.130	230	2	0	13	242	1157	928	1.39e-113	414
AD_ASV9	k127_7171179	99.582	239	1	0	4	242	8019	7781	2.96e-120	436
AD_ASV240	k127_7171179	98.745	239	3	0	4	242	8019	7781	6.40e-117	425
AD_ASV10	k127_7171179	99.582	239	1	0	4	242	8019	7781	2.96e-120	436
AD_ASV74	k127_7171179	100.000	230	0	0	13	242	8010	7781	6.40e-117	425
AD_ASV30	k127_7171179	100.000	233	0	0	10	242	8013	7781	1.38e-118	431
AD_ASV20	k127_7171179	99.163	239	2	0	4	242	8019	7781	1.38e-118	431
AD_ASV54	k127_7171179	100.000	239	0	0	4	242	8019	7781	6.35e-122	442
AD_ASV34	k127_7171179	99.163	239	2	0	4	242	8019	7781	1.38e-118	431
AD_ASV49	k127_7171179	99.582	239	1	0	4	242	8019	7781	2.96e-120	436
AD_ASV264	k127_7171179	99.582	239	1	0	4	242	8019	7781	2.96e-120	436
AD_ASV90	k127_7171179	100.000	230	0	0	13	242	8010	7781	6.40e-117	425
AD_ASV956	k127_7171179	99.565	230	1	0	13	242	8010	7781	2.98e-115	420
AD_ASV1099	k127_7171179	99.565	230	1	0	13	242	8010	7781	2.98e-115	420
AD_ASV2134	k127_7171179	99.565	230	1	0	13	242	8010	7781	2.98e-115	420
AD_ASV202	k127_7171179	100.000	233	0	0	10	242	8013	7781	1.38e-118	431
AD_ASV255	k127_7171179	99.582	239	1	0	4	242	8019	7781	2.96e-120	436
AD_ASV2085	k127_7865545	96.694	242	8	0	1	242	601	842	3.00e-110	403
AD_ASV2800	k127_7865545	97.863	234	5	0	9	242	609	842	8.34e-111	405
AD_ASV1280	k127_7865545	97.107	242	7	0	1	242	601	842	6.45e-112	409
AD_ASV904	k127_10291162	100.000	29	0	0	4	32	491	463	3.48e-05	54.7
AD_ASV1086	k127_8789743	99.130	230	2	0	13	242	624	395	1.39e-113	414
AD_ASV1086	k127_7661940	100.000	29	0	0	16	44	1290	1318	3.48e-05	54.7
AD_ASV1960	k127_8789743	98.326	239	4	0	4	242	633	395	2.98e-115	420
AD_ASV1960	k127_7661940	100.000	29	0	0	16	44	1290	1318	3.48e-05	54.7
AD_ASV1109	k127_8789743	98.347	242	4	0	1	242	636	395	6.40e-117	425
AD_ASV1109	k127_7661940	100.000	29	0	0	16	44	1290	1318	3.48e-05	54.7
AD_ASV1179	k127_8789743	98.347	242	4	0	1	242	636	395	6.40e-117	425
AD_ASV1179	k127_7661940	92.308	39	3	0	6	44	1280	1318	9.67e-06	56.5
AD_ASV764	k127_8789743	97.934	242	5	0	1	242	636	395	2.98e-115	420
AD_ASV764	k127_7661940	100.000	29	0	0	16	44	1290	1318	3.48e-05	54.7
AD_ASV863	k127_8789743	98.347	242	4	0	1	242	636	395	6.40e-117	425
AD_ASV863	k127_7661940	92.308	39	3	0	6	44	1280	1318	9.67e-06	56.5
AD_ASV948	k127_642467	98.333	180	3	0	1	180	1987	2166	4.02e-84	316
AD_ASV948	k127_1485542	95.122	41	1	1	5	44	770	810	5.78e-08	63.9
AD_ASV645	k127_642467	99.444	180	1	0	1	180	1987	2166	1.86e-87	327
AD_ASV1126	k127_642467	98.889	180	2	0	1	180	1987	2166	8.64e-86	322
AD_ASV2980	k127_642467	98.333	180	3	0	1	180	1987	2166	4.02e-84	316
AD_ASV1220	k127_642467	97.778	180	4	0	1	180	1987	2166	1.87e-82	311
AD_ASV1807	k127_642467	97.222	180	5	0	1	180	1987	2166	8.70e-81	305
AD_ASV785	k127_642467	98.333	180	3	0	1	180	1987	2166	4.02e-84	316
AD_ASV2587	k127_8322860	96.653	239	8	0	4	242	852	614	1.40e-108	398
AD_ASV135	k127_1865972	90.909	44	4	0	1	44	21110	21153	7.48e-07	60.2
AD_ASV1511	k127_5147153	96.694	242	8	0	1	242	1837	2078	3.00e-110	403
AD_ASV1501	k127_5147153	98.298	235	4	0	8	242	1844	2078	4.98e-113	412
AD_ASV1048	k127_9400751	98.760	242	3	0	1	242	642	401	1.38e-118	431
AD_ASV900	k127_9400751	99.561	228	1	0	15	242	628	401	3.85e-114	416
AD_ASV794	k127_9400751	98.347	242	4	0	1	242	642	401	6.40e-117	425
AD_ASV1143	k127_9400751	97.908	239	5	0	4	242	639	401	1.39e-113	414
AD_ASV1451	k127_9400751	98.326	239	4	0	4	242	639	401	2.98e-115	420
AD_ASV1517	k127_9400751	98.760	242	3	0	1	242	642	401	1.38e-118	431
AD_ASV2642	k127_4309676	91.111	45	2	2	4	47	1204	1161	7.48e-07	60.2
AD_ASV2375	k127_4857337	98.347	242	4	0	1	242	12991	13232	6.40e-117	425
AD_ASV414	k127_871305	98.760	242	3	0	1	242	4090	4331	1.38e-118	431
AD_ASV1030	k127_871305	98.347	242	4	0	1	242	4090	4331	6.40e-117	425
AD_ASV310	k127_871305	98.347	242	4	0	1	242	4090	4331	6.40e-117	425
AD_ASV590	k127_871305	97.934	242	5	0	1	242	4090	4331	2.98e-115	420
AD_ASV650	k127_871305	97.934	242	5	0	1	242	4090	4331	2.98e-115	420
AD_ASV1582	k127_871305	99.123	228	2	0	15	242	4104	4331	1.79e-112	411
AD_ASV870	k127_871305	99.142	233	2	0	10	242	4099	4331	2.98e-115	420
AD_ASV342	k127_871305	97.934	242	5	0	1	242	4090	4331	2.98e-115	420
AD_ASV664	k127_871305	97.934	242	5	0	1	242	4090	4331	2.98e-115	420
AD_ASV1057	k127_871305	97.934	242	5	0	1	242	4090	4331	2.98e-115	420
AD_ASV758	k127_871305	97.521	242	6	0	1	242	4090	4331	1.39e-113	414
AD_ASV744	k127_871305	100.000	228	0	0	15	242	4104	4331	8.28e-116	422
AD_ASV1107	k127_871305	100.000	228	0	0	15	242	4104	4331	8.28e-116	422
AD_ASV398	k127_871305	98.760	242	3	0	1	242	4090	4331	1.38e-118	431
AD_ASV755	k127_871305	99.174	242	2	0	1	242	4090	4331	2.96e-120	436
AD_ASV323	k127_871305	98.347	242	4	0	1	242	4090	4331	6.40e-117	425
AD_ASV294	k127_871305	98.760	242	3	0	1	242	4090	4331	1.38e-118	431
AD_ASV1373	k127_4309676	87.234	47	6	0	1	47	1207	1161	3.48e-05	54.7
AD_ASV2009	k127_1301766	98.347	242	4	0	1	242	1140	899	6.40e-117	425
AD_ASV2140	k127_1301766	98.745	239	3	0	4	242	1137	899	6.40e-117	425
AD_ASV229	k127_160832	98.745	239	3	0	4	242	743	505	6.40e-117	425
AD_ASV429	k127_160832	99.163	239	2	0	4	242	743	505	1.38e-118	431
AD_ASV722	k127_160832	99.565	230	1	0	13	242	734	505	2.98e-115	420
AD_ASV1449	k127_160832	98.326	239	4	0	4	242	743	505	2.98e-115	420
AD_ASV476	k127_160832	98.745	239	3	0	4	242	743	505	6.40e-117	425
AD_ASV1699	k127_160832	99.571	233	1	0	10	242	737	505	6.40e-117	425
AD_ASV765	k127_160832	99.174	242	2	0	1	242	746	505	2.96e-120	436
AD_ASV365	k127_160832	98.760	242	3	0	1	242	746	505	1.38e-118	431
AD_ASV1296	k127_160832	99.174	242	2	0	1	242	746	505	2.96e-120	436
AD_ASV605	k127_160832	99.582	239	1	0	4	242	743	505	2.96e-120	436
AD_ASV1384	k127_160832	99.163	239	2	0	4	242	743	505	1.38e-118	431
AD_ASV789	k127_160832	100.000	239	0	0	4	242	743	505	6.35e-122	442
AD_ASV902	k127_160832	98.326	239	4	0	4	242	743	505	2.98e-115	420
AD_ASV1757	k127_10564602	97.934	242	5	0	1	242	2206	2447	2.98e-115	420
AD_ASV2442	k127_1974180	92.500	240	16	2	4	242	344	106	6.63e-92	342
AD_ASV1854	k127_1974180	93.074	231	14	2	13	242	335	106	3.08e-90	337
AD_ASV1854	k127_5418925	100.000	30	0	0	19	48	1355	1326	9.67e-06	56.5
AD_ASV543	k127_11316560	93.724	239	15	0	4	242	66	304	6.58e-97	359
AD_ASV2297	k127_11316560	98.745	239	3	0	4	242	66	304	6.40e-117	425
AD_ASV446	k127_6793591	97.908	239	5	0	4	242	461	699	1.39e-113	414
AD_ASV446	k127_2432217	91.667	48	4	0	3	50	1118	1165	4.47e-09	67.6
AD_ASV188	k127_6793591	98.750	240	3	0	3	242	460	699	1.78e-117	427
AD_ASV188	k127_2432217	91.489	47	4	0	4	50	1119	1165	1.61e-08	65.8
AD_ASV305	k127_6793591	98.333	240	4	0	3	242	460	699	8.28e-116	422
AD_ASV305	k127_2432217	93.617	47	3	0	4	50	1119	1165	3.45e-10	71.3
AD_ASV299	k127_6793591	99.163	239	2	0	4	242	461	699	1.38e-118	431
AD_ASV299	k127_4631887	100.000	37	0	0	8	44	971	1007	1.24e-09	69.4
AD_ASV299	k127_2432217	91.667	48	4	0	3	50	1118	1165	4.47e-09	67.6
AD_ASV299	k127_7864956	95.000	40	2	0	11	50	2031	1992	5.78e-08	63.9
AD_ASV224	k127_6793591	98.745	239	3	0	4	242	461	699	6.40e-117	425
AD_ASV224	k127_8719580	92.857	42	3	0	11	52	2918	2959	2.08e-07	62.1
AD_ASV224	k127_2432217	89.583	48	5	0	3	50	1118	1165	2.08e-07	62.1
AD_ASV224	k127_1988525	100.000	33	0	0	13	45	157	189	2.08e-07	62.1
AD_ASV224	k127_9594028	100.000	28	0	0	16	43	379	406	1.25e-04	52.8
AD_ASV178	k127_6793591	98.326	239	4	0	4	242	461	699	2.98e-115	420
AD_ASV178	k127_2432217	91.667	48	4	0	3	50	1118	1165	4.47e-09	67.6
AD_ASV178	k127_4631887	97.143	35	1	0	10	44	973	1007	7.48e-07	60.2
AD_ASV313	k127_6793591	98.326	239	4	0	4	242	461	699	2.98e-115	420
AD_ASV313	k127_2432217	91.667	48	4	0	3	50	1118	1165	4.47e-09	67.6
AD_ASV313	k127_8719580	92.857	42	3	0	11	52	2918	2959	2.08e-07	62.1
AD_ASV313	k127_1988525	100.000	33	0	0	13	45	157	189	2.08e-07	62.1
AD_ASV313	k127_9594028	100.000	28	0	0	16	43	379	406	1.25e-04	52.8
AD_ASV151	k127_6793591	98.745	239	3	0	4	242	461	699	6.40e-117	425
AD_ASV151	k127_4631887	97.297	37	1	0	8	44	971	1007	5.78e-08	63.9
AD_ASV151	k127_2432217	89.583	48	5	0	3	50	1118	1165	2.08e-07	62.1
AD_ASV411	k127_6793591	99.167	240	2	0	3	242	460	699	3.82e-119	433
AD_ASV411	k127_4631887	100.000	37	0	0	8	44	971	1007	1.24e-09	69.4
AD_ASV411	k127_2432217	91.489	47	4	0	4	50	1119	1165	1.61e-08	65.8
AD_ASV411	k127_7864956	95.000	40	2	0	11	50	2031	1992	5.78e-08	63.9
AD_ASV1579	k127_6793591	97.908	239	5	0	4	242	461	699	1.39e-113	414
AD_ASV1813	k127_6793591	97.071	239	7	0	4	242	461	699	3.00e-110	403
AD_ASV772	k127_6793591	97.500	240	6	0	3	242	460	699	1.79e-112	411
AD_ASV173	k127_6793591	97.908	239	5	0	4	242	461	699	1.39e-113	414
AD_ASV173	k127_2432217	91.667	48	4	0	3	50	1118	1165	4.47e-09	67.6
AD_ASV93	k127_6793591	98.333	240	4	0	3	242	460	699	8.28e-116	422
AD_ASV93	k127_2432217	89.362	47	5	0	4	50	1119	1165	7.48e-07	60.2
AD_ASV124	k127_6793591	98.750	240	3	0	3	242	460	699	1.78e-117	427
AD_ASV124	k127_8719580	87.755	49	5	1	5	52	2911	2959	9.67e-06	56.5
AD_ASV124	k127_2432217	87.234	47	6	0	4	50	1119	1165	3.48e-05	54.7
AD_ASV161	k127_6793591	98.333	240	4	0	3	242	460	699	8.28e-116	422
AD_ASV161	k127_2432217	89.362	47	5	0	4	50	1119	1165	7.48e-07	60.2
AD_ASV161	k127_8719580	90.476	42	4	0	11	52	2918	2959	9.67e-06	56.5
AD_ASV156	k127_6793591	98.333	240	4	0	3	242	460	699	8.28e-116	422
AD_ASV156	k127_2432217	89.362	47	5	0	4	50	1119	1165	7.48e-07	60.2
AD_ASV156	k127_8719580	88.889	45	5	0	8	52	2915	2959	9.67e-06	56.5
AD_ASV273	k127_6793591	98.333	240	4	0	3	242	460	699	8.28e-116	422
AD_ASV273	k127_2432217	93.617	47	3	0	4	50	1119	1165	3.45e-10	71.3
AD_ASV273	k127_8719580	96.875	32	1	0	21	52	2928	2959	3.48e-05	54.7
AD_ASV209	k127_6793591	98.745	239	3	0	4	242	461	699	6.40e-117	425
AD_ASV209	k127_2432217	91.667	48	4	0	3	50	1118	1165	4.47e-09	67.6
AD_ASV209	k127_8719580	96.875	32	1	0	21	52	2928	2959	3.48e-05	54.7
AD_ASV214	k127_6793591	98.326	239	4	0	4	242	461	699	2.98e-115	420
AD_ASV214	k127_2432217	93.750	48	3	0	3	50	1118	1165	9.60e-11	73.1
AD_ASV214	k127_8719580	96.875	32	1	0	21	52	2928	2959	3.48e-05	54.7
AD_ASV120	k127_6793591	97.908	239	5	0	4	242	461	699	1.39e-113	414
AD_ASV120	k127_2432217	91.667	48	4	0	3	50	1118	1165	4.47e-09	67.6
AD_ASV120	k127_8719580	90.476	42	4	0	11	52	2918	2959	9.67e-06	56.5
AD_ASV104	k127_6793591	98.745	239	3	0	4	242	461	699	6.40e-117	425
AD_ASV104	k127_8719580	87.755	49	5	1	5	52	2911	2959	9.67e-06	56.5
AD_ASV104	k127_2432217	87.500	48	6	0	3	50	1118	1165	9.67e-06	56.5
AD_ASV81	k127_6793591	98.326	239	4	0	4	242	461	699	2.98e-115	420
AD_ASV81	k127_2432217	89.583	48	5	0	3	50	1118	1165	2.08e-07	62.1
AD_ASV518	k127_6793591	97.917	240	5	0	3	242	460	699	3.85e-114	416
AD_ASV518	k127_8719580	90.476	42	4	0	11	52	2918	2959	9.67e-06	56.5
AD_ASV518	k127_2432217	87.234	47	6	0	4	50	1119	1165	3.48e-05	54.7
AD_ASV450	k127_6793591	98.712	233	3	0	10	242	467	699	1.39e-113	414
AD_ASV450	k127_2432217	89.362	47	5	0	4	50	1119	1165	7.48e-07	60.2
AD_ASV450	k127_8719580	90.476	42	4	0	11	52	2918	2959	9.67e-06	56.5
AD_ASV237	k127_6793591	97.917	240	5	0	3	242	460	699	3.85e-114	416
AD_ASV237	k127_8719580	90.476	42	4	0	11	52	2918	2959	9.67e-06	56.5
AD_ASV237	k127_2432217	90.476	42	4	0	9	50	1124	1165	9.67e-06	56.5
AD_ASV407	k127_6793591	98.326	239	4	0	4	242	461	699	2.98e-115	420
AD_ASV407	k127_8719580	90.476	42	4	0	11	52	2918	2959	9.67e-06	56.5
AD_ASV407	k127_2432217	90.244	41	4	0	10	50	1125	1165	3.48e-05	54.7
AD_ASV356	k127_6793591	97.500	240	6	0	3	242	460	699	1.79e-112	411
AD_ASV356	k127_2432217	92.857	42	3	0	9	50	1124	1165	2.08e-07	62.1
AD_ASV336	k127_6793591	97.908	239	5	0	4	242	461	699	1.39e-113	414
AD_ASV336	k127_2432217	92.683	41	3	0	10	50	1125	1165	7.48e-07	60.2
AD_ASV190	k127_6793591	97.917	240	5	0	3	242	460	699	3.85e-114	416
AD_ASV190	k127_2432217	91.489	47	4	0	4	50	1119	1165	1.61e-08	65.8
AD_ASV155	k127_6793591	97.490	239	6	0	4	242	461	699	6.45e-112	409
AD_ASV155	k127_2432217	93.750	48	3	0	3	50	1118	1165	9.60e-11	73.1
AD_ASV563	k127_823142	79.079	239	50	0	4	242	1770	1532	1.54e-38	165
AD_ASV1322	k127_823142	78.696	230	49	0	13	242	1761	1532	3.33e-35	154
AD_ASV1206	k127_823142	79.130	230	48	0	13	242	1761	1532	7.17e-37	159
AD_ASV1587	k127_823142	79.060	234	49	0	9	242	1765	1532	1.99e-37	161
AD_ASV1360	k127_823142	79.399	233	48	0	10	242	1764	1532	1.54e-38	165
AD_ASV600	k127_823142	79.079	239	50	0	4	242	1770	1532	1.54e-38	165
AD_ASV4344	k127_823142	79.060	234	49	0	9	242	1765	1532	1.99e-37	161
AD_ASV2992	k127_823142	79.487	234	48	0	9	242	1765	1532	4.28e-39	167
AD_ASV890	k127_823142	79.565	230	47	0	13	242	1761	1532	1.54e-38	165
AD_ASV989	k127_823142	79.565	230	47	0	13	242	1761	1532	1.54e-38	165
AD_ASV1432	k127_823142	79.828	233	47	0	10	242	1764	1532	3.31e-40	171
AD_ASV1267	k127_823142	79.498	239	49	0	4	242	1770	1532	3.31e-40	171
AD_ASV841	k127_823142	79.079	239	50	0	4	242	1770	1532	1.54e-38	165
AD_ASV783	k127_823142	79.498	239	49	0	4	242	1770	1532	3.31e-40	171
AD_ASV957	k127_823142	79.399	233	48	0	10	242	1764	1532	1.54e-38	165
AD_ASV1637	k127_823142	78.970	233	49	0	10	242	1764	1532	7.17e-37	159
AD_ASV2215	k127_823142	78.970	233	49	0	10	242	1764	1532	7.17e-37	159
AD_ASV399	k127_823142	97.490	239	6	0	4	242	1770	1532	6.45e-112	409
AD_ASV399	k127_5472039	97.297	37	1	0	10	46	665	701	5.78e-08	63.9
AD_ASV194	k127_823142	98.326	239	4	0	4	242	1770	1532	2.98e-115	420
AD_ASV194	k127_5472039	97.297	37	1	0	10	46	665	701	5.78e-08	63.9
AD_ASV704	k127_823142	99.565	230	1	0	13	242	1761	1532	2.98e-115	420
AD_ASV704	k127_5472039	94.872	39	2	0	8	46	663	701	2.08e-07	62.1
AD_ASV1382	k127_823142	99.130	230	2	0	13	242	1761	1532	1.39e-113	414
AD_ASV1382	k127_6944755	97.143	35	1	0	13	47	2253	2287	7.48e-07	60.2
AD_ASV743	k127_823142	98.326	239	4	0	4	242	1770	1532	2.98e-115	420
AD_ASV743	k127_5472039	97.297	37	1	0	10	46	665	701	5.78e-08	63.9
AD_ASV1270	k127_823142	97.908	239	5	0	4	242	1770	1532	1.39e-113	414
AD_ASV1270	k127_6944755	100.000	35	0	0	13	47	2253	2287	1.61e-08	65.8
AD_ASV1098	k127_823142	98.712	233	3	0	10	242	1764	1532	1.39e-113	414
AD_ASV1098	k127_6944755	100.000	36	0	0	12	47	2252	2287	4.47e-09	67.6
AD_ASV589	k127_823142	98.745	239	3	0	4	242	1770	1532	6.40e-117	425
AD_ASV589	k127_5472039	100.000	37	0	0	10	46	665	701	1.24e-09	69.4
AD_ASV687	k127_823142	99.163	239	2	0	4	242	1770	1532	1.38e-118	431
AD_ASV687	k127_5472039	97.297	37	1	0	10	46	665	701	5.78e-08	63.9
AD_ASV811	k127_823142	98.326	239	4	0	4	242	1770	1532	2.98e-115	420
AD_ASV811	k127_5472039	97.297	37	1	0	10	46	665	701	5.78e-08	63.9
AD_ASV1157	k127_823142	98.696	230	3	0	13	242	1761	1532	6.45e-112	409
AD_ASV1157	k127_6944755	100.000	35	0	0	13	47	2253	2287	1.61e-08	65.8
AD_ASV1681	k127_823142	99.130	230	2	0	13	242	1761	1532	1.39e-113	414
AD_ASV1681	k127_5472039	97.368	38	1	0	9	46	664	701	1.61e-08	65.8
AD_ASV165	k127_823142	98.326	239	4	0	4	242	1770	1532	2.98e-115	420
AD_ASV165	k127_5472039	97.297	37	1	0	10	46	665	701	5.78e-08	63.9
AD_ASV263	k127_823142	99.565	230	1	0	13	242	1761	1532	2.98e-115	420
AD_ASV263	k127_5472039	91.304	46	3	1	2	46	656	701	2.08e-07	62.1
AD_ASV962	k127_823142	98.696	230	3	0	13	242	1761	1532	6.45e-112	409
AD_ASV962	k127_5472039	93.182	44	2	1	2	44	656	699	5.78e-08	63.9
AD_ASV586	k127_823142	97.908	239	5	0	4	242	1770	1532	1.39e-113	414
AD_ASV586	k127_5472039	97.143	35	1	0	10	44	665	699	7.48e-07	60.2
AD_ASV613	k127_823142	97.908	239	5	0	4	242	1770	1532	1.39e-113	414
AD_ASV613	k127_5472039	97.143	35	1	0	10	44	665	699	7.48e-07	60.2
AD_ASV858	k127_823142	98.326	239	4	0	4	242	1770	1532	2.98e-115	420
AD_ASV858	k127_5472039	100.000	35	0	0	10	44	665	699	1.61e-08	65.8
AD_ASV364	k127_823142	99.130	230	2	0	13	242	1761	1532	1.39e-113	414
AD_ASV2211	k127_4635236	78.279	244	45	7	3	242	11027	10788	4.31e-34	150
AD_ASV1835	k127_4635236	78.189	243	45	7	4	242	11026	10788	1.55e-33	148
AD_ASV1081	k127_2380238	99.565	230	1	0	13	242	9065	8836	2.98e-115	420
AD_ASV2391	k127_2380238	99.163	239	2	0	4	242	9074	8836	1.38e-118	431
AD_ASV1397	k127_8350524	93.802	242	15	0	1	242	6973	7214	1.42e-98	364
AD_ASV869	k127_8350524	92.975	242	17	0	1	242	6973	7214	3.06e-95	353
AD_ASV426	k127_8350524	98.760	242	3	0	1	242	6973	7214	1.38e-118	431
AD_ASV373	k127_8350524	97.934	242	5	0	1	242	6973	7214	2.98e-115	420
AD_ASV352	k127_8350524	97.934	242	5	0	1	242	6973	7214	2.98e-115	420
AD_ASV249	k127_8350524	98.760	242	3	0	1	242	6973	7214	1.38e-118	431
AD_ASV1046	k127_8350524	99.573	234	1	0	9	242	6981	7214	1.78e-117	427
AD_ASV483	k127_8350524	99.571	233	1	0	10	242	6982	7214	6.40e-117	425
AD_ASV715	k127_8350524	99.571	233	1	0	10	242	6982	7214	6.40e-117	425
AD_ASV1237	k127_8350524	100.000	234	0	0	9	242	6981	7214	3.82e-119	433
AD_ASV1316	k127_8350524	100.000	233	0	0	10	242	6982	7214	1.38e-118	431
AD_ASV649	k127_8350524	99.174	242	2	0	1	242	6973	7214	2.96e-120	436
AD_ASV529	k127_8350524	98.760	242	3	0	1	242	6973	7214	1.38e-118	431
AD_ASV570	k127_8350524	99.174	242	2	0	1	242	6973	7214	2.96e-120	436
AD_ASV706	k127_8350524	98.760	242	3	0	1	242	6973	7214	1.38e-118	431
AD_ASV512	k127_8350524	99.174	242	2	0	1	242	6973	7214	2.96e-120	436
AD_ASV512	k127_9255800	91.489	47	4	0	1	47	939	985	1.61e-08	65.8
AD_ASV325	k127_8350524	98.760	242	3	0	1	242	6973	7214	1.38e-118	431
AD_ASV225	k127_8350524	98.347	242	4	0	1	242	6973	7214	6.40e-117	425
AD_ASV307	k127_8350524	98.347	242	4	0	1	242	6973	7214	6.40e-117	425
AD_ASV402	k127_8350524	98.347	242	4	0	1	242	6973	7214	6.40e-117	425
AD_ASV282	k127_1397844	98.750	240	3	0	3	242	773	534	1.78e-117	427
AD_ASV1317	k127_1397844	99.565	230	1	0	13	242	763	534	2.98e-115	420
AD_ASV667	k127_1397844	99.571	233	1	0	10	242	766	534	6.40e-117	425
AD_ASV452	k127_1397844	98.745	239	3	0	4	242	772	534	6.40e-117	425
AD_ASV860	k127_1397844	98.333	240	4	0	3	242	773	534	8.28e-116	422
AD_ASV604	k127_1397844	99.565	230	1	0	13	242	763	534	2.98e-115	420
AD_ASV286	k127_1397844	100.000	230	0	0	13	242	763	534	6.40e-117	425
AD_ASV206	k127_1397844	99.163	239	2	0	4	242	772	534	1.38e-118	431
AD_ASV388	k127_1397844	100.000	230	0	0	13	242	763	534	6.40e-117	425
AD_ASV374	k127_1397844	99.582	239	1	0	4	242	772	534	2.96e-120	436
AD_ASV374	k127_9255800	88.889	54	4	2	1	53	939	991	1.61e-08	65.8
AD_ASV472	k127_1397844	100.000	233	0	0	10	242	766	534	1.38e-118	431
AD_ASV757	k127_1397844	100.000	230	0	0	13	242	763	534	6.40e-117	425
AD_ASV995	k127_1397844	100.000	233	0	0	10	242	766	534	1.38e-118	431
AD_ASV226	k127_1397844	99.167	240	2	0	3	242	773	534	3.82e-119	433
AD_ASV265	k127_1397844	99.167	240	2	0	3	242	773	534	3.82e-119	433
AD_ASV265	k127_10903540	93.333	45	3	0	1	45	3453	3497	4.47e-09	67.6
AD_ASV265	k127_6076566	93.333	45	3	0	1	45	296	340	4.47e-09	67.6
AD_ASV2771	k127_6004601	80.303	198	35	4	13	208	6138	5943	5.58e-33	147
AD_ASV6266	k127_6004601	80.288	208	37	4	3	208	6148	5943	3.33e-35	154
AD_ASV396	k127_11350457	97.934	242	5	0	1	242	997	1238	2.98e-115	420
AD_ASV1111	k127_11350457	97.521	242	6	0	1	242	997	1238	1.39e-113	414
AD_ASV1111	k127_7192842	87.755	49	6	0	6	54	1463	1415	2.69e-06	58.4
AD_ASV1141	k127_11350457	98.760	242	3	0	1	242	997	1238	1.38e-118	431
AD_ASV1133	k127_11350457	98.347	242	4	0	1	242	997	1238	6.40e-117	425
AD_ASV1229	k127_11350457	97.934	242	5	0	1	242	997	1238	2.98e-115	420
AD_ASV914	k127_11350457	99.174	242	2	0	1	242	997	1238	2.96e-120	436
AD_ASV1015	k127_11350457	97.934	242	5	0	1	242	997	1238	2.98e-115	420
AD_ASV1796	k127_11350457	97.934	242	5	0	1	242	997	1238	2.98e-115	420
AD_ASV246	k127_11350457	98.347	242	4	0	1	242	997	1238	6.40e-117	425
AD_ASV1254	k127_11350457	97.107	242	7	0	1	242	997	1238	6.45e-112	409
AD_ASV608	k127_11350457	97.521	242	6	0	1	242	997	1238	1.39e-113	414
AD_ASV891	k127_11350457	97.107	242	7	0	1	242	997	1238	6.45e-112	409
AD_ASV696	k127_11350457	97.934	242	5	0	1	242	997	1238	2.98e-115	420
AD_ASV1007	k127_6900603	100.000	35	0	0	13	47	914	880	1.61e-08	65.8
AD_ASV2033	k127_6900603	97.143	35	1	0	13	47	914	880	7.48e-07	60.2
AD_ASV1090	k127_6900603	97.143	35	1	0	13	47	914	880	7.48e-07	60.2
AD_ASV1405	k127_6900603	100.000	35	0	0	13	47	914	880	1.61e-08	65.8
AD_ASV2295	k127_6900603	97.143	35	1	0	13	47	914	880	7.48e-07	60.2
AD_ASV2779	k127_6900603	100.000	37	0	0	11	47	916	880	1.24e-09	69.4
AD_ASV1604	k127_6900603	93.333	45	2	1	4	47	924	880	1.61e-08	65.8
AD_ASV1330	k127_6900603	100.000	35	0	0	13	47	914	880	1.61e-08	65.8
AD_ASV2353	k127_9957772	99.153	236	2	0	7	242	2997	2762	6.40e-117	425
AD_ASV1788	k127_6362631	98.712	233	3	0	10	242	769	1001	1.39e-113	414
AD_ASV2769	k127_6199511	98.578	211	3	0	9	219	211	1	2.35e-101	374
AD_ASV2891	k127_3643432	97.917	240	5	0	3	242	582	821	3.85e-114	416
AD_ASV2	k127_5639069	94.737	38	2	0	13	50	712	749	7.48e-07	60.2
AD_ASV7	k127_5639069	94.737	38	2	0	13	50	712	749	7.48e-07	60.2
AD_ASV2294	k127_5639069	94.737	38	2	0	13	50	712	749	7.48e-07	60.2
AD_ASV4314	k127_5639069	97.368	38	1	0	13	50	712	749	1.61e-08	65.8
AD_ASV2844	k127_5639069	94.737	38	2	0	13	50	712	749	7.48e-07	60.2
AD_ASV83	k127_5639069	97.368	38	1	0	13	50	712	749	1.61e-08	65.8
AD_ASV55	k127_5639069	97.368	38	1	0	13	50	712	749	1.61e-08	65.8
AD_ASV33	k127_5639069	94.737	38	2	0	13	50	712	749	7.48e-07	60.2
AD_ASV78	k127_5639069	94.737	38	2	0	13	50	712	749	7.48e-07	60.2
AD_ASV48	k127_5639069	94.737	38	2	0	13	50	712	749	7.48e-07	60.2
AD_ASV28	k127_5639069	94.737	38	2	0	13	50	712	749	7.48e-07	60.2
AD_ASV70	k127_5639069	94.737	38	2	0	13	50	712	749	7.48e-07	60.2
AD_ASV2645	k127_5639069	97.368	38	1	0	13	50	712	749	1.61e-08	65.8
AD_ASV19	k127_5639069	97.368	38	1	0	13	50	712	749	1.61e-08	65.8
AD_ASV56	k127_111200	94.118	51	3	0	1	51	43	93	2.06e-12	78.7
AD_ASV56	k127_5639069	97.368	38	1	0	13	50	712	749	1.61e-08	65.8
AD_ASV56	k127_879848	92.308	39	3	0	6	44	850	888	9.67e-06	56.5
AD_ASV56	k127_8619255	100.000	29	0	0	6	34	3842	3814	3.48e-05	54.7
AD_ASV4	k127_5639069	97.368	38	1	0	13	50	712	749	1.61e-08	65.8
AD_ASV84	k127_8007172	96.970	33	1	0	13	45	208	240	9.67e-06	56.5
AD_ASV35	k127_8007172	96.970	33	1	0	13	45	208	240	9.67e-06	56.5
AD_ASV13	k127_5639069	97.368	38	1	0	13	50	712	749	1.61e-08	65.8
AD_ASV5	k127_5639069	94.737	38	2	0	13	50	712	749	7.48e-07	60.2
AD_ASV22	k127_5639069	94.737	38	2	0	13	50	712	749	7.48e-07	60.2
AD_ASV17	k127_5639069	94.737	38	2	0	13	50	712	749	7.48e-07	60.2
AD_ASV8	k127_5639069	94.737	38	2	0	13	50	712	749	7.48e-07	60.2
AD_ASV72	k127_5639069	97.368	38	1	0	13	50	712	749	1.61e-08	65.8
AD_ASV21	k127_5639069	94.737	38	2	0	13	50	712	749	7.48e-07	60.2
AD_ASV11	k127_5639069	94.737	38	2	0	13	50	712	749	7.48e-07	60.2
AD_ASV18	k127_5639069	94.737	38	2	0	13	50	712	749	7.48e-07	60.2
AD_ASV1	k127_5639069	94.737	38	2	0	13	50	712	749	7.48e-07	60.2
