AD_ASV520	c_000001982541_JH21_MAG_00276	95.000	60	1	2	4	62	1430	1372	1.60e-17	93.5
AD_ASV610	c_000001982541_JH21_MAG_00276	93.333	60	2	2	4	62	1430	1372	7.45e-16	87.9
AD_ASV2692	c_000001047860_JH21_MAG_00155	95.122	41	2	0	10	50	9859	9819	3.49e-09	65.8
AD_ASV2692	c_000000147400_JH21_MAG_00017	92.857	42	1	2	11	51	3842	3882	1.62e-07	60.2
AD_ASV1481	c_000000268490_JH21_MAG_00111	100.000	235	0	0	8	242	3592	3358	2.31e-120	435
AD_ASV882	c_000000455480_JH21_MAG_00014	98.745	239	2	1	5	242	1317	1555	5.00e-117	424
AD_ASV848	c_000000455480_JH21_MAG_00014	99.571	233	1	0	10	242	1323	1555	1.39e-117	425
AD_ASV1266	c_000000455480_JH21_MAG_00014	100.000	233	0	0	10	242	1323	1555	2.99e-119	431
AD_ASV654	c_000000455480_JH21_MAG_00014	99.142	233	2	0	10	242	1323	1555	6.46e-116	420
AD_ASV1336	c_000000455480_JH21_MAG_00014	98.712	233	3	0	10	242	1323	1555	3.01e-114	414
AD_ASV1132	c_000000455480_JH21_MAG_00014	99.142	233	2	0	10	242	1323	1555	6.46e-116	420
AD_ASV1766	c_000000455480_JH21_MAG_00014	98.712	233	3	0	10	242	1323	1555	3.01e-114	414
AD_ASV1352	c_000000455480_JH21_MAG_00014	99.163	239	1	1	5	242	1317	1555	1.07e-118	429
AD_ASV2610	c_000000455480_JH21_MAG_00014	100.000	234	0	0	9	242	1322	1555	8.30e-120	433
AD_ASV846	c_000000455480_JH21_MAG_00014	99.573	234	1	0	9	242	1322	1555	3.86e-118	427
AD_ASV846	c_000001291759_JH21_MAG_00220	82.895	76	13	0	6	81	1463	1388	2.70e-10	69.4
AD_ASV1783	c_000000455480_JH21_MAG_00014	99.573	234	1	0	9	242	1322	1555	3.86e-118	427
AD_ASV915	c_000000455480_JH21_MAG_00014	99.571	233	1	0	10	242	1323	1555	1.39e-117	425
AD_ASV652	c_000000455480_JH21_MAG_00014	99.145	234	2	0	9	242	1322	1555	1.80e-116	422
AD_ASV1135	c_000000455480_JH21_MAG_00014	99.145	234	2	0	9	242	1322	1555	1.80e-116	422
AD_ASV1124	c_000000898551_JH21_MAG_00025	98.760	242	3	0	1	242	32278	32519	2.99e-119	431
AD_ASV3338	c_000001289428_JH21_MAG_00051	100.000	233	0	0	10	242	541	309	2.99e-119	431
AD_ASV981	c_000001425246_JH21_MAG_00080	99.149	235	2	0	8	242	6345	6111	5.00e-117	424
AD_ASV981	c_000001279074_JH21_MAG_00233	86.364	66	9	0	13	78	323	258	2.09e-11	73.1
AD_ASV1295	c_000001425246_JH21_MAG_00080	100.000	230	0	0	13	242	6340	6111	1.39e-117	425
AD_ASV1295	c_000001279074_JH21_MAG_00233	87.324	71	9	0	8	78	328	258	3.46e-14	82.4
AD_ASV3308	c_000001616827_JH21_MAG_00103	92.975	242	17	0	1	242	1462	1703	6.65e-96	353
AD_ASV3308	c_000000927243_JH21_MAG_00017	74.033	181	35	10	1	175	2179	2353	1.25e-08	63.9
AD_ASV455	c_000001616827_JH21_MAG_00103	98.347	242	4	0	1	242	1462	1703	1.39e-117	425
AD_ASV540	c_000001616827_JH21_MAG_00103	98.347	242	4	0	1	242	1462	1703	1.39e-117	425
AD_ASV1097	c_000001616827_JH21_MAG_00103	99.174	242	2	0	1	242	1462	1703	6.42e-121	436
AD_ASV469	c_000001616827_JH21_MAG_00103	97.521	242	6	0	1	242	1462	1703	3.01e-114	414
AD_ASV469	c_000000927243_JH21_MAG_00017	74.302	179	38	7	1	175	2179	2353	2.70e-10	69.4
AD_ASV726	c_000001616827_JH21_MAG_00103	96.694	242	8	0	1	242	1462	1703	6.51e-111	403
AD_ASV726	c_000000927243_JH21_MAG_00017	74.302	179	38	7	1	175	2179	2353	2.70e-10	69.4
AD_ASV271	c_000001616827_JH21_MAG_00103	97.107	242	7	0	1	242	1462	1703	1.40e-112	409
AD_ASV271	c_000000927243_JH21_MAG_00017	74.860	179	37	7	1	175	2179	2353	5.80e-12	75.0
AD_ASV1344	c_000001616827_JH21_MAG_00103	97.107	242	7	0	1	242	1462	1703	1.40e-112	409
AD_ASV1344	c_000000927243_JH21_MAG_00017	86.885	61	4	4	117	175	2295	2353	3.49e-09	65.8
AD_ASV474	c_000001616827_JH21_MAG_00103	96.694	242	8	0	1	242	1462	1703	6.51e-111	403
AD_ASV474	c_000000927243_JH21_MAG_00017	74.302	179	38	7	1	175	2179	2353	2.70e-10	69.4
AD_ASV1043	c_000001616827_JH21_MAG_00103	96.694	242	8	0	1	242	1462	1703	6.51e-111	403
AD_ASV1043	c_000000927243_JH21_MAG_00017	74.302	179	38	7	1	175	2179	2353	2.70e-10	69.4
AD_ASV1165	c_000001616827_JH21_MAG_00103	96.281	242	9	0	1	242	1462	1703	3.03e-109	398
AD_ASV1165	c_000000927243_JH21_MAG_00017	74.545	165	34	7	15	175	2193	2353	3.49e-09	65.8
AD_ASV361	c_000001616827_JH21_MAG_00103	97.107	242	7	0	1	242	1462	1703	1.40e-112	409
AD_ASV361	c_000000927243_JH21_MAG_00017	74.860	179	37	7	1	175	2179	2353	5.80e-12	75.0
AD_ASV1782	c_000001616827_JH21_MAG_00103	96.567	233	8	0	10	242	1471	1703	6.56e-106	387
AD_ASV1782	c_000000927243_JH21_MAG_00017	74.854	171	35	7	9	175	2187	2353	7.50e-11	71.3
AD_ASV818	c_000001616827_JH21_MAG_00103	97.107	242	7	0	1	242	1462	1703	1.40e-112	409
AD_ASV818	c_000000927243_JH21_MAG_00017	75.978	179	35	7	1	175	2179	2353	2.68e-15	86.1
AD_ASV617	c_000001616827_JH21_MAG_00103	96.694	242	8	0	1	242	1462	1703	6.51e-111	403
AD_ASV617	c_000000927243_JH21_MAG_00017	75.419	179	36	7	1	175	2179	2353	1.25e-13	80.5
AD_ASV1519	c_000001616827_JH21_MAG_00103	96.281	242	9	0	1	242	1462	1703	3.03e-109	398
AD_ASV1519	c_000000927243_JH21_MAG_00017	74.860	179	37	7	1	175	2179	2353	5.80e-12	75.0
AD_ASV1399	c_000001616827_JH21_MAG_00103	95.868	242	10	0	1	242	1462	1703	1.41e-107	392
AD_ASV1399	c_000000927243_JH21_MAG_00017	75.419	179	36	7	1	175	2179	2353	1.25e-13	80.5
AD_ASV795	c_000001616827_JH21_MAG_00103	96.694	242	8	0	1	242	1462	1703	6.51e-111	403
AD_ASV795	c_000000927243_JH21_MAG_00017	74.302	179	38	7	1	175	2179	2353	2.70e-10	69.4
AD_ASV433	c_000001616827_JH21_MAG_00103	96.694	242	8	0	1	242	1462	1703	6.51e-111	403
AD_ASV433	c_000000927243_JH21_MAG_00017	75.419	179	36	7	1	175	2179	2353	1.25e-13	80.5
AD_ASV922	c_000001616827_JH21_MAG_00103	96.694	242	8	0	1	242	1462	1703	6.51e-111	403
AD_ASV1029	c_000001616827_JH21_MAG_00103	97.107	242	7	0	1	242	1462	1703	1.40e-112	409
AD_ASV1366	c_000000927243_JH21_MAG_00017	75.691	181	34	7	1	176	2179	2354	3.46e-14	82.4
AD_ASV1493	c_000001279074_JH21_MAG_00233	96.567	233	8	0	10	242	326	94	6.56e-106	387
AD_ASV1493	c_000001425246_JH21_MAG_00080	85.915	71	10	0	8	78	6345	6275	1.61e-12	76.8
AD_ASV238	c_000001279074_JH21_MAG_00233	96.996	233	7	0	10	242	326	94	1.41e-107	392
AD_ASV238	c_000001425246_JH21_MAG_00080	83.333	78	13	0	1	78	6352	6275	2.09e-11	73.1
AD_ASV1056	c_000001279074_JH21_MAG_00233	98.723	235	3	0	8	242	328	94	2.32e-115	418
AD_ASV1056	c_000001425246_JH21_MAG_00080	84.848	66	10	0	13	78	6340	6275	9.70e-10	67.6
AD_ASV752	c_000001279074_JH21_MAG_00233	99.142	233	2	0	10	242	326	94	6.46e-116	420
AD_ASV752	c_000001425246_JH21_MAG_00080	85.915	71	10	0	8	78	6345	6275	1.61e-12	76.8
AD_ASV867	c_000001279074_JH21_MAG_00233	98.347	242	4	0	1	242	335	94	1.39e-117	425
AD_ASV867	c_000001425246_JH21_MAG_00080	86.364	66	9	0	13	78	6340	6275	2.09e-11	73.1
AD_ASV867	c_000000576169_JH21_MAG_00276	100.000	32	0	0	1	32	2835	2866	1.62e-07	60.2
AD_ASV1484	c_000001279074_JH21_MAG_00233	98.283	233	4	0	10	242	326	94	1.40e-112	409
AD_ASV1484	c_000001425246_JH21_MAG_00080	84.615	78	12	0	1	78	6352	6275	4.48e-13	78.7
AD_ASV1436	c_000001279074_JH21_MAG_00233	98.718	234	3	0	9	242	327	94	8.36e-115	416
AD_ASV1436	c_000001425246_JH21_MAG_00080	84.848	66	10	0	13	78	6340	6275	9.70e-10	67.6
AD_ASV382	c_000001279074_JH21_MAG_00233	98.712	233	3	0	10	242	326	94	3.01e-114	414
AD_ASV382	c_000001425246_JH21_MAG_00080	83.333	78	13	0	1	78	6352	6275	2.09e-11	73.1
AD_ASV979	c_000001279074_JH21_MAG_00233	97.934	242	5	0	1	242	335	94	6.46e-116	420
AD_ASV979	c_000001425246_JH21_MAG_00080	84.848	66	10	0	13	78	6340	6275	9.70e-10	67.6
AD_ASV943	c_000001279074_JH21_MAG_00233	98.696	230	3	0	13	242	323	94	1.40e-112	409
AD_ASV943	c_000001425246_JH21_MAG_00080	85.915	71	10	0	8	78	6345	6275	1.61e-12	76.8
AD_ASV840	c_000001279074_JH21_MAG_00233	98.723	235	3	0	8	242	328	94	2.32e-115	418
AD_ASV840	c_000001425246_JH21_MAG_00080	84.848	66	10	0	13	78	6340	6275	9.70e-10	67.6
AD_ASV1075	c_000001279074_JH21_MAG_00233	96.996	233	7	0	10	242	326	94	1.41e-107	392
AD_ASV1075	c_000001425246_JH21_MAG_00080	84.507	71	11	0	8	78	6345	6275	7.50e-11	71.3
AD_ASV242	c_000001279074_JH21_MAG_00233	96.996	233	7	0	10	242	326	94	1.41e-107	392
AD_ASV242	c_000001425246_JH21_MAG_00080	83.333	78	13	0	1	78	6352	6275	2.09e-11	73.1
AD_ASV809	c_000001279074_JH21_MAG_00233	97.425	233	6	0	10	242	326	94	3.03e-109	398
AD_ASV809	c_000001425246_JH21_MAG_00080	85.915	71	10	0	8	78	6345	6275	1.61e-12	76.8
AD_ASV862	c_000001279074_JH21_MAG_00233	96.694	242	8	0	1	242	335	94	6.51e-111	403
AD_ASV862	c_000001425246_JH21_MAG_00080	86.364	66	9	0	13	78	6340	6275	2.09e-11	73.1
AD_ASV862	c_000000576169_JH21_MAG_00276	100.000	32	0	0	1	32	2835	2866	1.62e-07	60.2
AD_ASV903	c_000001279074_JH21_MAG_00233	96.596	235	8	0	8	242	328	94	5.07e-107	390
AD_ASV903	c_000001425246_JH21_MAG_00080	85.507	69	10	0	10	78	6343	6275	2.09e-11	73.1
AD_ASV961	c_000001279074_JH21_MAG_00233	97.021	235	7	0	8	242	328	94	1.09e-108	396
AD_ASV961	c_000001425246_JH21_MAG_00080	84.848	66	10	0	13	78	6340	6275	9.70e-10	67.6
AD_ASV792	c_000001279074_JH21_MAG_00233	96.281	242	9	0	1	242	335	94	3.03e-109	398
AD_ASV792	c_000001425246_JH21_MAG_00080	84.848	66	10	0	13	78	6340	6275	9.70e-10	67.6
AD_ASV1084	c_000001279074_JH21_MAG_00233	96.596	235	8	0	8	242	328	94	5.07e-107	390
AD_ASV1084	c_000001425246_JH21_MAG_00080	85.507	69	10	0	10	78	6343	6275	2.09e-11	73.1
AD_ASV1323	c_000001279074_JH21_MAG_00233	96.957	230	7	0	13	242	323	94	6.56e-106	387
AD_ASV1323	c_000001425246_JH21_MAG_00080	84.615	78	12	0	1	78	6352	6275	4.48e-13	78.7
AD_ASV798	c_000001279074_JH21_MAG_00233	97.425	233	6	0	10	242	326	94	3.03e-109	398
AD_ASV798	c_000001425246_JH21_MAG_00080	85.915	71	10	0	8	78	6345	6275	1.61e-12	76.8
AD_ASV653	c_000001279074_JH21_MAG_00233	96.694	242	8	0	1	242	335	94	6.51e-111	403
AD_ASV653	c_000001425246_JH21_MAG_00080	86.364	66	9	0	13	78	6340	6275	2.09e-11	73.1
AD_ASV653	c_000000576169_JH21_MAG_00276	100.000	32	0	0	1	32	2835	2866	1.62e-07	60.2
AD_ASV2272	c_000001279074_JH21_MAG_00233	97.425	233	6	0	10	242	326	94	3.03e-109	398
AD_ASV2272	c_000001425246_JH21_MAG_00080	85.714	70	10	0	9	78	6344	6275	5.80e-12	75.0
AD_ASV1433	c_000001279074_JH21_MAG_00233	97.009	234	7	0	9	242	327	94	3.92e-108	394
AD_ASV1433	c_000001425246_JH21_MAG_00080	84.848	66	10	0	13	78	6340	6275	9.70e-10	67.6
AD_ASV1355	c_000001616827_JH21_MAG_00103	91.489	47	4	0	1	47	1462	1508	3.49e-09	65.8
AD_ASV1040	c_000001616827_JH21_MAG_00103	91.489	47	4	0	1	47	1462	1508	3.49e-09	65.8
AD_ASV1136	c_000000794625_JH21_MAG_00018	77.917	240	47	6	4	240	19105	19341	4.36e-33	145
AD_ASV1148	c_000000794625_JH21_MAG_00018	78.008	241	47	6	3	240	19104	19341	1.21e-33	147
AD_ASV1329	c_000000794625_JH21_MAG_00018	78.333	240	46	6	4	240	19105	19341	9.36e-35	150
AD_ASV1825	c_000000794625_JH21_MAG_00018	78.008	241	47	6	3	240	19104	19341	1.21e-33	147
AD_ASV1398	c_000000794625_JH21_MAG_00018	77.917	240	47	6	4	240	19105	19341	4.36e-33	145
AD_ASV105	c_000000251054_JH21_MAG_00014	93.617	47	3	0	7	53	3956	3910	7.50e-11	71.3
AD_ASV1064	c_000001982541_JH21_MAG_00276	85.714	238	33	1	1	238	1433	1197	8.97e-65	250
AD_ASV1871	c_000001305449_JH21_MAG_00132	97.521	242	6	0	1	242	2060	2301	3.01e-114	414
AD_ASV1871	c_000001368571_JH21_MAG_00251	93.182	44	0	3	11	54	978	938	4.51e-08	62.1
AD_ASV3082	c_000001305449_JH21_MAG_00132	98.347	242	4	0	1	242	2060	2301	1.39e-117	425
AD_ASV6228	c_000000259365_JH21_MAG_00085	91.667	48	4	0	1	48	21110	21157	9.70e-10	67.6
AD_ASV1719	c_000000611311_JH21_MAG_00287	99.569	232	1	0	11	242	16249	16018	5.00e-117	424
AD_ASV2225	c_000001808738_JH21_MAG_00276	90.476	42	3	1	4	45	2879	2839	7.55e-06	54.7
AD_ASV771	c_000000010191_JH21_MAG_00047	95.816	239	10	0	4	242	3974	3736	6.56e-106	387
AD_ASV1391	c_000000010191_JH21_MAG_00047	98.347	242	4	0	1	242	3977	3736	1.39e-117	425
AD_ASV345	c_000000010191_JH21_MAG_00047	98.745	239	3	0	4	242	3974	3736	1.39e-117	425
AD_ASV760	c_000000010191_JH21_MAG_00047	98.745	239	3	0	4	242	3974	3736	1.39e-117	425
AD_ASV463	c_000000010191_JH21_MAG_00047	98.712	233	3	0	10	242	3968	3736	3.01e-114	414
AD_ASV662	c_000000010191_JH21_MAG_00047	99.142	233	2	0	10	242	3968	3736	6.46e-116	420
AD_ASV980	c_000000010191_JH21_MAG_00047	98.347	242	4	0	1	242	3977	3736	1.39e-117	425
AD_ASV851	c_000000010191_JH21_MAG_00047	99.174	242	2	0	1	242	3977	3736	6.42e-121	436
AD_ASV615	c_000000010191_JH21_MAG_00047	98.760	242	3	0	1	242	3977	3736	2.99e-119	431
AD_ASV405	c_000000010191_JH21_MAG_00047	99.571	233	1	0	10	242	3968	3736	1.39e-117	425
AD_ASV946	c_000000010191_JH21_MAG_00047	98.745	239	3	0	4	242	3974	3736	1.39e-117	425
AD_ASV934	c_000000010191_JH21_MAG_00047	98.745	239	3	0	4	242	3974	3736	1.39e-117	425
AD_ASV569	c_000000010191_JH21_MAG_00047	99.130	230	2	0	13	242	3965	3736	3.01e-114	414
AD_ASV1127	c_000000010191_JH21_MAG_00047	99.130	230	2	0	13	242	3965	3736	3.01e-114	414
AD_ASV736	c_000000010191_JH21_MAG_00047	99.565	230	1	0	13	242	3965	3736	6.46e-116	420
AD_ASV2563	c_000000010191_JH21_MAG_00047	98.347	242	4	0	1	242	3977	3736	1.39e-117	425
AD_ASV618	c_000000010191_JH21_MAG_00047	98.760	242	3	0	1	242	3977	3736	2.99e-119	431
AD_ASV964	c_000000010191_JH21_MAG_00047	99.571	233	1	0	10	242	3968	3736	1.39e-117	425
AD_ASV1147	c_000000010191_JH21_MAG_00047	98.760	242	3	0	1	242	3977	3736	2.99e-119	431
AD_ASV335	c_000000010191_JH21_MAG_00047	98.760	242	3	0	1	242	3977	3736	2.99e-119	431
AD_ASV330	c_000000010191_JH21_MAG_00047	99.142	233	2	0	10	242	3968	3736	6.46e-116	420
AD_ASV338	c_000000010191_JH21_MAG_00047	99.142	233	2	0	10	242	3968	3736	6.46e-116	420
AD_ASV420	c_000000010191_JH21_MAG_00047	99.174	242	2	0	1	242	3977	3736	6.42e-121	436
AD_ASV1331	c_000000010191_JH21_MAG_00047	100.000	233	0	0	10	242	3968	3736	2.99e-119	431
AD_ASV697	c_000000010191_JH21_MAG_00047	99.582	239	1	0	4	242	3974	3736	6.42e-121	436
AD_ASV976	c_000000010191_JH21_MAG_00047	100.000	233	0	0	10	242	3968	3736	2.99e-119	431
AD_ASV733	c_000000010191_JH21_MAG_00047	98.347	242	4	0	1	242	3977	3736	1.39e-117	425
AD_ASV1215	c_000000010191_JH21_MAG_00047	99.571	233	1	0	10	242	3968	3736	1.39e-117	425
AD_ASV344	c_000000010191_JH21_MAG_00047	98.326	239	4	0	4	242	3974	3736	6.46e-116	420
AD_ASV689	c_000000010191_JH21_MAG_00047	98.718	234	3	0	9	242	3969	3736	8.36e-115	416
AD_ASV1189	c_000000010191_JH21_MAG_00047	99.145	234	2	0	9	242	3969	3736	1.80e-116	422
AD_ASV703	c_000000010191_JH21_MAG_00047	99.142	233	2	0	10	242	3968	3736	6.46e-116	420
AD_ASV1586	c_000000010191_JH21_MAG_00047	99.130	230	2	0	13	242	3965	3736	3.01e-114	414
AD_ASV1158	c_000000010191_JH21_MAG_00047	99.573	234	1	0	9	242	3969	3736	3.86e-118	427
AD_ASV479	c_000000010191_JH21_MAG_00047	98.347	242	4	0	1	242	3977	3736	1.39e-117	425
AD_ASV912	c_000000010191_JH21_MAG_00047	97.908	239	5	0	4	242	3974	3736	3.01e-114	414
AD_ASV1128	c_000002012030_JH21_MAG_00062	99.153	236	2	0	7	242	2075	1840	1.39e-117	425
AD_ASV831	c_000000186639_JH21_MAG_00074	97.881	236	5	0	7	242	8789	8554	1.40e-112	409
AD_ASV400	c_000000186639_JH21_MAG_00074	95.763	236	10	0	7	242	8789	8554	3.05e-104	381
AD_ASV568	c_000000186639_JH21_MAG_00074	93.388	242	16	0	1	242	8795	8554	1.43e-97	359
AD_ASV1170	c_000000186639_JH21_MAG_00074	94.783	230	12	0	13	242	8783	8554	1.43e-97	359
AD_ASV1640	c_000000186639_JH21_MAG_00074	94.348	230	13	0	13	242	8783	8554	6.65e-96	353
AD_ASV781	c_000000186639_JH21_MAG_00074	94.068	236	14	0	7	242	8789	8554	1.43e-97	359
AD_ASV6325	c_000000576169_JH21_MAG_00276	96.970	33	1	0	1	33	2835	2867	2.10e-06	56.5
AD_ASV1185	c_000000794625_JH21_MAG_00018	98.347	242	4	0	1	242	4451	4210	1.39e-117	425
AD_ASV2220	c_000000794625_JH21_MAG_00018	99.565	230	1	0	13	242	4439	4210	6.46e-116	420
AD_ASV754	c_000000794625_JH21_MAG_00018	98.760	242	3	0	1	242	4451	4210	2.99e-119	431
AD_ASV1204	c_000000794625_JH21_MAG_00018	99.174	242	2	0	1	242	4451	4210	6.42e-121	436
AD_ASV1758	c_000000794625_JH21_MAG_00018	99.174	242	2	0	1	242	4451	4210	6.42e-121	436
AD_ASV677	c_000000794625_JH21_MAG_00018	98.760	242	3	0	1	242	4451	4210	2.99e-119	431
AD_ASV799	c_000000794625_JH21_MAG_00018	98.347	242	4	0	1	242	4451	4210	1.39e-117	425
AD_ASV1190	c_000000794625_JH21_MAG_00018	98.760	242	3	0	1	242	4451	4210	2.99e-119	431
AD_ASV925	c_000000794625_JH21_MAG_00018	100.000	230	0	0	13	242	4439	4210	1.39e-117	425
AD_ASV954	c_000000794625_JH21_MAG_00018	99.565	230	1	0	13	242	4439	4210	6.46e-116	420
AD_ASV495	c_000001880244_JH21_MAG_00085	100.000	32	0	0	13	44	7487	7456	1.62e-07	60.2
AD_ASV1546	c_000001971801_JH21_MAG_00220	99.574	235	1	0	8	242	6015	5781	1.07e-118	429
AD_ASV1250	c_000001971801_JH21_MAG_00220	99.565	230	1	0	13	242	6010	5781	6.46e-116	420
AD_ASV2541	c_000001008471_JH21_MAG_00057	100.000	28	0	0	22	49	1982	1955	2.72e-05	52.8
AD_ASV2022	c_000001008471_JH21_MAG_00057	100.000	28	0	0	22	49	1982	1955	2.72e-05	52.8
AD_ASV1460	c_000001008471_JH21_MAG_00057	100.000	28	0	0	22	49	1982	1955	2.72e-05	52.8
AD_ASV1894	c_000000764163_JH21_MAG_00008	98.347	242	4	0	1	242	2086	1845	1.39e-117	425
AD_ASV1439	c_000000764163_JH21_MAG_00008	97.521	242	6	0	1	242	2086	1845	3.01e-114	414
AD_ASV3054	c_000000898551_JH21_MAG_00025	85.484	62	9	0	1	62	13089	13150	3.49e-09	65.8
AD_ASV1961	c_000000898551_JH21_MAG_00025	85.484	62	9	0	1	62	13089	13150	3.49e-09	65.8
AD_ASV2450	c_000000898551_JH21_MAG_00025	88.710	62	7	0	1	62	13089	13150	1.61e-12	76.8
AD_ASV2741	c_000001455031_JH21_MAG_00276	99.163	239	2	0	4	242	938	700	2.99e-119	431
AD_ASV177	c_000000169763_JH21_MAG_00115	98.261	230	4	0	13	242	10446	10217	6.51e-111	403
AD_ASV375	c_000000169763_JH21_MAG_00115	98.696	230	3	0	13	242	10446	10217	1.40e-112	409
AD_ASV69	c_000000169763_JH21_MAG_00115	98.261	230	4	0	13	242	10446	10217	6.51e-111	403
AD_ASV126	c_000000169763_JH21_MAG_00115	97.872	235	5	0	8	242	10451	10217	5.03e-112	407
AD_ASV210	c_000000169763_JH21_MAG_00115	98.298	235	4	0	8	242	10451	10217	1.08e-113	412
AD_ASV311	c_000000169763_JH21_MAG_00115	98.723	235	3	0	8	242	10451	10217	2.32e-115	418
AD_ASV51	c_000000169763_JH21_MAG_00115	97.521	242	6	0	1	242	10458	10217	3.01e-114	414
AD_ASV451	c_000000169763_JH21_MAG_00115	99.130	230	2	0	13	242	10446	10217	3.01e-114	414
AD_ASV27	c_000000169763_JH21_MAG_00115	98.696	230	3	0	13	242	10446	10217	1.40e-112	409
AD_ASV31	c_000000169763_JH21_MAG_00115	98.298	235	4	0	8	242	10451	10217	1.08e-113	412
AD_ASV318	c_000000169763_JH21_MAG_00115	98.729	236	3	0	7	242	10452	10217	6.46e-116	420
AD_ASV80	c_000000169763_JH21_MAG_00115	98.723	235	3	0	8	242	10451	10217	2.32e-115	418
AD_ASV59	c_000000169763_JH21_MAG_00115	98.712	233	3	0	10	242	10449	10217	3.01e-114	414
AD_ASV121	c_000000169763_JH21_MAG_00115	98.729	236	3	0	7	242	10452	10217	6.46e-116	420
AD_ASV71	c_000000169763_JH21_MAG_00115	97.934	242	5	0	1	242	10458	10217	6.46e-116	420
AD_ASV32	c_000000169763_JH21_MAG_00115	98.696	230	3	0	13	242	10446	10217	1.40e-112	409
AD_ASV2103	c_000000169763_JH21_MAG_00115	97.872	235	5	0	8	242	10451	10217	5.03e-112	407
AD_ASV2081	c_000000169763_JH21_MAG_00115	97.521	242	6	0	1	242	10458	10217	3.01e-114	414
AD_ASV887	c_000000169763_JH21_MAG_00115	97.881	236	5	0	7	242	10452	10217	1.40e-112	409
AD_ASV2066	c_000000169763_JH21_MAG_00115	98.718	234	3	0	9	242	10450	10217	8.36e-115	416
AD_ASV2542	c_000000169763_JH21_MAG_00115	99.142	233	2	0	10	242	10449	10217	6.46e-116	420
AD_ASV401	c_000000169763_JH21_MAG_00115	97.521	242	6	0	1	242	10458	10217	3.01e-114	414
AD_ASV1556	c_000000169763_JH21_MAG_00115	97.863	234	5	0	9	242	10450	10217	1.81e-111	405
AD_ASV2426	c_000000169763_JH21_MAG_00115	98.760	242	3	0	1	242	10458	10217	2.99e-119	431
AD_ASV197	c_000000169763_JH21_MAG_00115	98.718	234	3	0	9	242	10450	10217	8.36e-115	416
AD_ASV1042	c_000000169763_JH21_MAG_00115	99.142	233	2	0	10	242	10449	10217	6.46e-116	420
AD_ASV2045	c_000000169763_JH21_MAG_00115	99.142	233	2	0	10	242	10449	10217	6.46e-116	420
AD_ASV623	c_000000169763_JH21_MAG_00115	99.130	230	2	0	13	242	10446	10217	3.01e-114	414
AD_ASV251	c_000000169763_JH21_MAG_00115	97.934	242	5	0	1	242	10458	10217	6.46e-116	420
AD_ASV221	c_000000169763_JH21_MAG_00115	98.291	234	4	0	9	242	10450	10217	3.89e-113	411
AD_ASV203	c_000000169763_JH21_MAG_00115	98.696	230	3	0	13	242	10446	10217	1.40e-112	409
AD_ASV1106	c_000000169763_JH21_MAG_00115	99.565	230	1	0	13	242	10446	10217	6.46e-116	420
AD_ASV111	c_000000169763_JH21_MAG_00115	97.521	242	6	0	1	242	10458	10217	3.01e-114	414
AD_ASV176	c_000000169763_JH21_MAG_00115	98.696	230	3	0	13	242	10446	10217	1.40e-112	409
AD_ASV874	c_000000169763_JH21_MAG_00115	98.347	242	4	0	1	242	10458	10217	1.39e-117	425
AD_ASV460	c_000000169763_JH21_MAG_00115	99.149	235	2	0	8	242	10451	10217	5.00e-117	424
AD_ASV565	c_000000169763_JH21_MAG_00115	99.153	236	2	0	7	242	10452	10217	1.39e-117	425
AD_ASV633	c_000000169763_JH21_MAG_00115	100.000	234	0	0	9	242	10450	10217	8.30e-120	433
AD_ASV753	c_000000169763_JH21_MAG_00115	98.729	236	3	0	7	242	10452	10217	6.46e-116	420
AD_ASV363	c_000000169763_JH21_MAG_00115	99.142	233	2	0	10	242	10449	10217	6.46e-116	420
AD_ASV531	c_000000169763_JH21_MAG_00115	99.130	230	2	0	13	242	10446	10217	3.01e-114	414
AD_ASV911	c_000000169763_JH21_MAG_00115	99.576	236	1	0	7	242	10452	10217	2.99e-119	431
AD_ASV504	c_000000169763_JH21_MAG_00115	99.153	236	2	0	7	242	10452	10217	1.39e-117	425
AD_ASV782	c_000000169763_JH21_MAG_00115	99.145	234	2	0	9	242	10450	10217	1.80e-116	422
AD_ASV1626	c_000000169763_JH21_MAG_00115	99.565	230	1	0	13	242	10446	10217	6.46e-116	420
AD_ASV2204	c_000000169763_JH21_MAG_00115	97.521	242	6	0	1	242	10458	10217	3.01e-114	414
AD_ASV372	c_000000169763_JH21_MAG_00115	98.347	242	4	0	1	242	10458	10217	1.39e-117	425
AD_ASV321	c_000000169763_JH21_MAG_00115	99.174	242	2	0	1	242	10458	10217	6.42e-121	436
AD_ASV404	c_000000169763_JH21_MAG_00115	98.760	242	3	0	1	242	10458	10217	2.99e-119	431
AD_ASV945	c_000000169763_JH21_MAG_00115	100.000	233	0	0	10	242	10449	10217	2.99e-119	431
AD_ASV200	c_000000169763_JH21_MAG_00115	99.574	235	1	0	8	242	10451	10217	1.07e-118	429
AD_ASV394	c_000000169763_JH21_MAG_00115	100.000	233	0	0	10	242	10449	10217	2.99e-119	431
AD_ASV261	c_000000169763_JH21_MAG_00115	100.000	230	0	0	13	242	10446	10217	1.39e-117	425
AD_ASV274	c_000000169763_JH21_MAG_00115	98.760	242	3	0	1	242	10458	10217	2.99e-119	431
AD_ASV493	c_000000169763_JH21_MAG_00115	99.565	230	1	0	13	242	10446	10217	6.46e-116	420
AD_ASV1194	c_000000169763_JH21_MAG_00115	98.347	242	4	0	1	242	10458	10217	1.39e-117	425
AD_ASV514	c_000000169763_JH21_MAG_00115	98.347	242	4	0	1	242	10458	10217	1.39e-117	425
AD_ASV550	c_000000169763_JH21_MAG_00115	99.174	242	2	0	1	242	10458	10217	6.42e-121	436
AD_ASV3498	c_000000828411_JH21_MAG_00185	88.636	44	5	0	4	47	7396	7353	7.55e-06	54.7
AD_ASV331	c_000001425246_JH21_MAG_00080	99.130	230	2	0	13	242	3011	2782	3.01e-114	414
AD_ASV198	c_000001425246_JH21_MAG_00080	99.163	239	2	0	4	242	3020	2782	2.99e-119	431
AD_ASV219	c_000001425246_JH21_MAG_00080	98.745	239	3	0	4	242	3020	2782	1.39e-117	425
AD_ASV417	c_000001425246_JH21_MAG_00080	99.163	239	2	0	4	242	3020	2782	2.99e-119	431
AD_ASV340	c_000001425246_JH21_MAG_00080	98.760	242	3	0	1	242	3023	2782	2.99e-119	431
AD_ASV360	c_000001425246_JH21_MAG_00080	99.571	233	1	0	10	242	3014	2782	1.39e-117	425
AD_ASV258	c_000001425246_JH21_MAG_00080	99.145	234	2	0	9	242	3015	2782	1.80e-116	422
AD_ASV139	c_000001425246_JH21_MAG_00080	99.571	233	1	0	10	242	3014	2782	1.39e-117	425
AD_ASV1704	c_000001425246_JH21_MAG_00080	99.145	234	2	0	9	242	3015	2782	1.80e-116	422
AD_ASV170	c_000001425246_JH21_MAG_00080	98.745	239	3	0	4	242	3020	2782	1.39e-117	425
AD_ASV116	c_000001425246_JH21_MAG_00080	99.565	230	1	0	13	242	3011	2782	6.46e-116	420
AD_ASV1489	c_000001425246_JH21_MAG_00080	98.326	239	4	0	4	242	3020	2782	6.46e-116	420
AD_ASV134	c_000001425246_JH21_MAG_00080	98.760	242	3	0	1	242	3023	2782	2.99e-119	431
AD_ASV174	c_000001425246_JH21_MAG_00080	99.145	234	2	0	9	242	3015	2782	1.80e-116	422
AD_ASV714	c_000001425246_JH21_MAG_00080	98.760	242	3	0	1	242	3023	2782	2.99e-119	431
AD_ASV984	c_000001425246_JH21_MAG_00080	98.760	242	3	0	1	242	3023	2782	2.99e-119	431
AD_ASV149	c_000001425246_JH21_MAG_00080	98.347	242	4	0	1	242	3023	2782	1.39e-117	425
AD_ASV285	c_000001425246_JH21_MAG_00080	99.130	230	2	0	13	242	3011	2782	3.01e-114	414
AD_ASV315	c_000001425246_JH21_MAG_00080	97.934	242	5	0	1	242	3023	2782	6.46e-116	420
AD_ASV561	c_000001425246_JH21_MAG_00080	98.326	239	4	0	4	242	3020	2782	6.46e-116	420
AD_ASV327	c_000001425246_JH21_MAG_00080	98.745	239	3	0	4	242	3020	2782	1.39e-117	425
AD_ASV384	c_000001425246_JH21_MAG_00080	99.174	242	2	0	1	242	3023	2782	6.42e-121	436
AD_ASV719	c_000001425246_JH21_MAG_00080	99.163	239	2	0	4	242	3020	2782	2.99e-119	431
AD_ASV607	c_000001425246_JH21_MAG_00080	99.571	233	1	0	10	242	3014	2782	1.39e-117	425
AD_ASV458	c_000001425246_JH21_MAG_00080	98.347	242	4	0	1	242	3023	2782	1.39e-117	425
AD_ASV424	c_000001425246_JH21_MAG_00080	99.565	230	1	0	13	242	3011	2782	6.46e-116	420
AD_ASV501	c_000001425246_JH21_MAG_00080	100.000	230	0	0	13	242	3011	2782	1.39e-117	425
AD_ASV844	c_000001425246_JH21_MAG_00080	99.163	239	2	0	4	242	3020	2782	2.99e-119	431
AD_ASV343	c_000001425246_JH21_MAG_00080	99.571	233	1	0	10	242	3014	2782	1.39e-117	425
AD_ASV250	c_000001425246_JH21_MAG_00080	98.745	239	3	0	4	242	3020	2782	1.39e-117	425
AD_ASV207	c_000001425246_JH21_MAG_00080	99.565	230	1	0	13	242	3011	2782	6.46e-116	420
AD_ASV555	c_000000642531_JH21_MAG_00017	97.934	242	5	0	1	242	12594	12835	6.46e-116	420
AD_ASV380	c_000000642531_JH21_MAG_00017	97.934	242	5	0	1	242	12594	12835	6.46e-116	420
AD_ASV410	c_000000642531_JH21_MAG_00017	97.521	242	6	0	1	242	12594	12835	3.01e-114	414
AD_ASV143	c_000000642531_JH21_MAG_00017	97.934	242	5	0	1	242	12594	12835	6.46e-116	420
AD_ASV406	c_000000642531_JH21_MAG_00017	98.760	242	3	0	1	242	12594	12835	2.99e-119	431
AD_ASV950	c_000000642531_JH21_MAG_00017	99.174	242	2	0	1	242	12594	12835	6.42e-121	436
AD_ASV950	c_000000937786_JH21_MAG_00039	100.000	34	0	0	10	43	9881	9914	1.25e-08	63.9
AD_ASV1146	c_000000642531_JH21_MAG_00017	98.347	242	4	0	1	242	12594	12835	1.39e-117	425
AD_ASV1540	c_000000642531_JH21_MAG_00017	98.347	242	4	0	1	242	12594	12835	1.39e-117	425
AD_ASV1540	c_000000937786_JH21_MAG_00039	100.000	34	0	0	10	43	9881	9914	1.25e-08	63.9
AD_ASV511	c_000000642531_JH21_MAG_00017	98.760	242	3	0	1	242	12594	12835	2.99e-119	431
AD_ASV511	c_000000937786_JH21_MAG_00039	100.000	34	0	0	10	43	9881	9914	1.25e-08	63.9
AD_ASV983	c_000000642531_JH21_MAG_00017	95.868	242	10	0	1	242	12594	12835	1.41e-107	392
AD_ASV109	c_000000642531_JH21_MAG_00017	97.521	242	6	0	1	242	12594	12835	3.01e-114	414
AD_ASV651	c_000000642531_JH21_MAG_00017	98.347	242	4	0	1	242	12594	12835	1.39e-117	425
AD_ASV554	c_000000642531_JH21_MAG_00017	97.934	242	5	0	1	242	12594	12835	6.46e-116	420
AD_ASV554	c_000001982541_JH21_MAG_00276	93.182	44	3	0	4	47	1430	1387	3.49e-09	65.8
AD_ASV643	c_000000642531_JH21_MAG_00017	97.934	242	5	0	1	242	12594	12835	6.46e-116	420
AD_ASV532	c_000000642531_JH21_MAG_00017	98.347	242	4	0	1	242	12594	12835	1.39e-117	425
AD_ASV1083	c_000001603567_JH21_MAG_00184	97.521	242	6	0	1	242	6005	5764	3.01e-114	414
AD_ASV1434	c_000001603567_JH21_MAG_00184	97.521	242	6	0	1	242	6005	5764	3.01e-114	414
AD_ASV1448	c_000001603567_JH21_MAG_00184	97.490	239	6	0	4	242	6002	5764	1.40e-112	409
AD_ASV833	c_000000897423_JH21_MAG_00203	99.561	228	1	0	15	242	2419	2646	8.36e-115	416
AD_ASV639	c_000000897423_JH21_MAG_00203	99.142	233	2	0	10	242	2414	2646	6.46e-116	420
AD_ASV1082	c_000000897423_JH21_MAG_00203	98.347	242	4	0	1	242	2405	2646	1.39e-117	425
AD_ASV1409	c_000000897423_JH21_MAG_00203	98.760	242	3	0	1	242	2405	2646	2.99e-119	431
AD_ASV816	c_000000897423_JH21_MAG_00203	99.142	233	2	0	10	242	2414	2646	6.46e-116	420
AD_ASV963	c_000000897423_JH21_MAG_00203	98.718	234	3	0	9	242	2413	2646	8.36e-115	416
AD_ASV1989	c_000000897423_JH21_MAG_00203	98.347	242	4	0	1	242	2405	2646	1.39e-117	425
AD_ASV906	c_000000897423_JH21_MAG_00203	99.145	234	2	0	9	242	2413	2646	1.80e-116	422
AD_ASV620	c_000000897423_JH21_MAG_00203	97.934	242	5	0	1	242	2405	2646	6.46e-116	420
AD_ASV1486	c_000000897423_JH21_MAG_00203	98.718	234	3	0	9	242	2413	2646	8.36e-115	416
AD_ASV796	c_000000897423_JH21_MAG_00203	97.934	242	5	0	1	242	2405	2646	6.46e-116	420
AD_ASV500	c_000000897423_JH21_MAG_00203	99.561	228	1	0	15	242	2419	2646	8.36e-115	416
AD_ASV1442	c_000000897423_JH21_MAG_00203	97.934	242	5	0	1	242	2405	2646	6.46e-116	420
AD_ASV967	c_000000897423_JH21_MAG_00203	99.561	228	1	0	15	242	2419	2646	8.36e-115	416
AD_ASV725	c_000000897423_JH21_MAG_00203	95.868	242	10	0	1	242	2405	2646	1.41e-107	392
AD_ASV913	c_000000822765_JH21_MAG_00194	87.273	55	6	1	4	57	186	132	4.51e-08	62.1
AD_ASV2113	c_000000828411_JH21_MAG_00185	84.906	53	8	0	1	53	7399	7347	7.55e-06	54.7
AD_ASV3081	c_000001019054_JH21_MAG_00046	98.347	242	4	0	1	242	5740	5981	1.39e-117	425
AD_ASV9	c_000001287509_JH21_MAG_00122	99.582	239	1	0	4	242	8019	7781	6.42e-121	436
AD_ASV240	c_000001287509_JH21_MAG_00122	98.745	239	3	0	4	242	8019	7781	1.39e-117	425
AD_ASV10	c_000001287509_JH21_MAG_00122	99.582	239	1	0	4	242	8019	7781	6.42e-121	436
AD_ASV74	c_000001287509_JH21_MAG_00122	100.000	230	0	0	13	242	8010	7781	1.39e-117	425
AD_ASV30	c_000001287509_JH21_MAG_00122	100.000	233	0	0	10	242	8013	7781	2.99e-119	431
AD_ASV20	c_000001287509_JH21_MAG_00122	99.163	239	2	0	4	242	8019	7781	2.99e-119	431
AD_ASV54	c_000001287509_JH21_MAG_00122	100.000	239	0	0	4	242	8019	7781	1.38e-122	442
AD_ASV34	c_000001287509_JH21_MAG_00122	99.163	239	2	0	4	242	8019	7781	2.99e-119	431
AD_ASV49	c_000001287509_JH21_MAG_00122	99.582	239	1	0	4	242	8019	7781	6.42e-121	436
AD_ASV264	c_000001287509_JH21_MAG_00122	99.582	239	1	0	4	242	8019	7781	6.42e-121	436
AD_ASV90	c_000001287509_JH21_MAG_00122	100.000	230	0	0	13	242	8010	7781	1.39e-117	425
AD_ASV956	c_000001287509_JH21_MAG_00122	99.565	230	1	0	13	242	8010	7781	6.46e-116	420
AD_ASV1099	c_000001287509_JH21_MAG_00122	99.565	230	1	0	13	242	8010	7781	6.46e-116	420
AD_ASV2134	c_000001287509_JH21_MAG_00122	99.565	230	1	0	13	242	8010	7781	6.46e-116	420
AD_ASV202	c_000001287509_JH21_MAG_00122	100.000	233	0	0	10	242	8013	7781	2.99e-119	431
AD_ASV255	c_000001287509_JH21_MAG_00122	99.582	239	1	0	4	242	8019	7781	6.42e-121	436
AD_ASV1086	c_000001382640_JH21_MAG_00293	100.000	29	0	0	16	44	1290	1318	7.55e-06	54.7
AD_ASV1960	c_000001382640_JH21_MAG_00293	100.000	29	0	0	16	44	1290	1318	7.55e-06	54.7
AD_ASV1109	c_000001382640_JH21_MAG_00293	100.000	29	0	0	16	44	1290	1318	7.55e-06	54.7
AD_ASV1179	c_000001382640_JH21_MAG_00293	92.308	39	3	0	6	44	1280	1318	2.10e-06	56.5
AD_ASV764	c_000001382640_JH21_MAG_00293	100.000	29	0	0	16	44	1290	1318	7.55e-06	54.7
AD_ASV863	c_000001382640_JH21_MAG_00293	92.308	39	3	0	6	44	1280	1318	2.10e-06	56.5
AD_ASV948	c_000000178442_JH21_MAG_00155	95.122	41	1	1	5	44	770	810	1.25e-08	63.9
AD_ASV135	c_000000259365_JH21_MAG_00085	90.909	44	4	0	1	44	21110	21153	1.62e-07	60.2
AD_ASV1511	c_000000885948_JH21_MAG_00259	96.694	242	8	0	1	242	1837	2078	6.51e-111	403
AD_ASV1501	c_000000885948_JH21_MAG_00259	98.298	235	4	0	8	242	1844	2078	1.08e-113	412
AD_ASV2375	c_000000827336_JH21_MAG_00288	98.347	242	4	0	1	242	12991	13232	1.39e-117	425
AD_ASV1757	c_000001929506_JH21_MAG_00288	97.934	242	5	0	1	242	2206	2447	6.46e-116	420
AD_ASV563	c_000000092463_JH21_MAG_00276	79.079	239	50	0	4	242	1770	1532	3.34e-39	165
AD_ASV1322	c_000000092463_JH21_MAG_00276	78.696	230	49	0	13	242	1761	1532	7.24e-36	154
AD_ASV1206	c_000000092463_JH21_MAG_00276	79.130	230	48	0	13	242	1761	1532	1.56e-37	159
AD_ASV1587	c_000000092463_JH21_MAG_00276	79.060	234	49	0	9	242	1765	1532	4.33e-38	161
AD_ASV1360	c_000000092463_JH21_MAG_00276	79.399	233	48	0	10	242	1764	1532	3.34e-39	165
AD_ASV600	c_000000092463_JH21_MAG_00276	79.079	239	50	0	4	242	1770	1532	3.34e-39	165
AD_ASV4344	c_000000092463_JH21_MAG_00276	79.060	234	49	0	9	242	1765	1532	4.33e-38	161
AD_ASV2992	c_000000092463_JH21_MAG_00276	79.487	234	48	0	9	242	1765	1532	9.30e-40	167
AD_ASV890	c_000000092463_JH21_MAG_00276	79.565	230	47	0	13	242	1761	1532	3.34e-39	165
AD_ASV989	c_000000092463_JH21_MAG_00276	79.565	230	47	0	13	242	1761	1532	3.34e-39	165
AD_ASV1432	c_000000092463_JH21_MAG_00276	79.828	233	47	0	10	242	1764	1532	7.19e-41	171
AD_ASV1267	c_000000092463_JH21_MAG_00276	79.498	239	49	0	4	242	1770	1532	7.19e-41	171
AD_ASV841	c_000000092463_JH21_MAG_00276	79.079	239	50	0	4	242	1770	1532	3.34e-39	165
AD_ASV783	c_000000092463_JH21_MAG_00276	79.498	239	49	0	4	242	1770	1532	7.19e-41	171
AD_ASV957	c_000000092463_JH21_MAG_00276	79.399	233	48	0	10	242	1764	1532	3.34e-39	165
AD_ASV1637	c_000000092463_JH21_MAG_00276	78.970	233	49	0	10	242	1764	1532	1.56e-37	159
AD_ASV2215	c_000000092463_JH21_MAG_00276	78.970	233	49	0	10	242	1764	1532	1.56e-37	159
AD_ASV399	c_000000092463_JH21_MAG_00276	97.490	239	6	0	4	242	1770	1532	1.40e-112	409
AD_ASV194	c_000000092463_JH21_MAG_00276	98.326	239	4	0	4	242	1770	1532	6.46e-116	420
AD_ASV704	c_000000092463_JH21_MAG_00276	99.565	230	1	0	13	242	1761	1532	6.46e-116	420
AD_ASV1382	c_000000092463_JH21_MAG_00276	99.130	230	2	0	13	242	1761	1532	3.01e-114	414
AD_ASV743	c_000000092463_JH21_MAG_00276	98.326	239	4	0	4	242	1770	1532	6.46e-116	420
AD_ASV1270	c_000000092463_JH21_MAG_00276	97.908	239	5	0	4	242	1770	1532	3.01e-114	414
AD_ASV1098	c_000000092463_JH21_MAG_00276	98.712	233	3	0	10	242	1764	1532	3.01e-114	414
AD_ASV589	c_000000092463_JH21_MAG_00276	98.745	239	3	0	4	242	1770	1532	1.39e-117	425
AD_ASV687	c_000000092463_JH21_MAG_00276	99.163	239	2	0	4	242	1770	1532	2.99e-119	431
AD_ASV811	c_000000092463_JH21_MAG_00276	98.326	239	4	0	4	242	1770	1532	6.46e-116	420
AD_ASV1157	c_000000092463_JH21_MAG_00276	98.696	230	3	0	13	242	1761	1532	1.40e-112	409
AD_ASV1681	c_000000092463_JH21_MAG_00276	99.130	230	2	0	13	242	1761	1532	3.01e-114	414
AD_ASV165	c_000000092463_JH21_MAG_00276	98.326	239	4	0	4	242	1770	1532	6.46e-116	420
AD_ASV263	c_000000092463_JH21_MAG_00276	99.565	230	1	0	13	242	1761	1532	6.46e-116	420
AD_ASV962	c_000000092463_JH21_MAG_00276	98.696	230	3	0	13	242	1761	1532	1.40e-112	409
AD_ASV586	c_000000092463_JH21_MAG_00276	97.908	239	5	0	4	242	1770	1532	3.01e-114	414
AD_ASV613	c_000000092463_JH21_MAG_00276	97.908	239	5	0	4	242	1770	1532	3.01e-114	414
AD_ASV858	c_000000092463_JH21_MAG_00276	98.326	239	4	0	4	242	1770	1532	6.46e-116	420
AD_ASV364	c_000000092463_JH21_MAG_00276	99.130	230	2	0	13	242	1761	1532	3.01e-114	414
AD_ASV2211	c_000000782181_JH21_MAG_00103	78.279	244	45	7	3	242	11027	10788	9.36e-35	150
AD_ASV1835	c_000000782181_JH21_MAG_00103	78.189	243	45	7	4	242	11026	10788	3.37e-34	148
AD_ASV1397	c_000001514487_JH21_MAG_00151	93.802	242	15	0	1	242	6973	7214	3.07e-99	364
AD_ASV869	c_000001514487_JH21_MAG_00151	92.975	242	17	0	1	242	6973	7214	6.65e-96	353
AD_ASV426	c_000001514487_JH21_MAG_00151	98.760	242	3	0	1	242	6973	7214	2.99e-119	431
AD_ASV373	c_000001514487_JH21_MAG_00151	97.934	242	5	0	1	242	6973	7214	6.46e-116	420
AD_ASV352	c_000001514487_JH21_MAG_00151	97.934	242	5	0	1	242	6973	7214	6.46e-116	420
AD_ASV249	c_000001514487_JH21_MAG_00151	98.760	242	3	0	1	242	6973	7214	2.99e-119	431
AD_ASV1046	c_000001514487_JH21_MAG_00151	99.573	234	1	0	9	242	6981	7214	3.86e-118	427
AD_ASV483	c_000001514487_JH21_MAG_00151	99.571	233	1	0	10	242	6982	7214	1.39e-117	425
AD_ASV715	c_000001514487_JH21_MAG_00151	99.571	233	1	0	10	242	6982	7214	1.39e-117	425
AD_ASV1237	c_000001514487_JH21_MAG_00151	100.000	234	0	0	9	242	6981	7214	8.30e-120	433
AD_ASV1316	c_000001514487_JH21_MAG_00151	100.000	233	0	0	10	242	6982	7214	2.99e-119	431
AD_ASV649	c_000001514487_JH21_MAG_00151	99.174	242	2	0	1	242	6973	7214	6.42e-121	436
AD_ASV529	c_000001514487_JH21_MAG_00151	98.760	242	3	0	1	242	6973	7214	2.99e-119	431
AD_ASV570	c_000001514487_JH21_MAG_00151	99.174	242	2	0	1	242	6973	7214	6.42e-121	436
AD_ASV706	c_000001514487_JH21_MAG_00151	98.760	242	3	0	1	242	6973	7214	2.99e-119	431
AD_ASV512	c_000001514487_JH21_MAG_00151	99.174	242	2	0	1	242	6973	7214	6.42e-121	436
AD_ASV325	c_000001514487_JH21_MAG_00151	98.760	242	3	0	1	242	6973	7214	2.99e-119	431
AD_ASV225	c_000001514487_JH21_MAG_00151	98.347	242	4	0	1	242	6973	7214	1.39e-117	425
AD_ASV307	c_000001514487_JH21_MAG_00151	98.347	242	4	0	1	242	6973	7214	1.39e-117	425
AD_ASV402	c_000001514487_JH21_MAG_00151	98.347	242	4	0	1	242	6973	7214	1.39e-117	425
AD_ASV282	c_000000164880_JH21_MAG_00290	98.750	240	3	0	3	242	773	534	3.86e-118	427
AD_ASV1317	c_000000164880_JH21_MAG_00290	99.565	230	1	0	13	242	763	534	6.46e-116	420
AD_ASV667	c_000000164880_JH21_MAG_00290	99.571	233	1	0	10	242	766	534	1.39e-117	425
AD_ASV452	c_000000164880_JH21_MAG_00290	98.745	239	3	0	4	242	772	534	1.39e-117	425
AD_ASV860	c_000000164880_JH21_MAG_00290	98.333	240	4	0	3	242	773	534	1.80e-116	422
AD_ASV604	c_000000164880_JH21_MAG_00290	99.565	230	1	0	13	242	763	534	6.46e-116	420
AD_ASV286	c_000000164880_JH21_MAG_00290	100.000	230	0	0	13	242	763	534	1.39e-117	425
AD_ASV206	c_000000164880_JH21_MAG_00290	99.163	239	2	0	4	242	772	534	2.99e-119	431
AD_ASV388	c_000000164880_JH21_MAG_00290	100.000	230	0	0	13	242	763	534	1.39e-117	425
AD_ASV374	c_000000164880_JH21_MAG_00290	99.582	239	1	0	4	242	772	534	6.42e-121	436
AD_ASV472	c_000000164880_JH21_MAG_00290	100.000	233	0	0	10	242	766	534	2.99e-119	431
AD_ASV757	c_000000164880_JH21_MAG_00290	100.000	230	0	0	13	242	763	534	1.39e-117	425
AD_ASV995	c_000000164880_JH21_MAG_00290	100.000	233	0	0	10	242	766	534	2.99e-119	431
AD_ASV226	c_000000164880_JH21_MAG_00290	99.167	240	2	0	3	242	773	534	8.30e-120	433
AD_ASV265	c_000000164880_JH21_MAG_00290	99.167	240	2	0	3	242	773	534	8.30e-120	433
AD_ASV265	c_000001071690_JH21_MAG_00122	93.333	45	3	0	1	45	296	340	9.70e-10	67.6
AD_ASV265	c_000001991739_JH21_MAG_00122	93.333	45	3	0	1	45	3453	3497	9.70e-10	67.6
AD_ASV2771	c_000001057418_JH21_MAG_00299	80.303	198	35	4	13	208	6138	5943	1.21e-33	147
AD_ASV6266	c_000001057418_JH21_MAG_00299	80.288	208	37	4	3	208	6148	5943	7.24e-36	154
AD_ASV1111	c_000001291759_JH21_MAG_00220	87.755	49	6	0	6	54	1463	1415	5.84e-07	58.4
AD_ASV2353	c_000001817244_JH21_MAG_00185	99.153	236	2	0	7	242	2997	2762	1.39e-117	425
AD_ASV2	c_000000984756_JH21_MAG_00065	94.737	38	2	0	13	50	712	749	1.62e-07	60.2
AD_ASV7	c_000000984756_JH21_MAG_00065	94.737	38	2	0	13	50	712	749	1.62e-07	60.2
AD_ASV2294	c_000000984756_JH21_MAG_00065	94.737	38	2	0	13	50	712	749	1.62e-07	60.2
AD_ASV4314	c_000000984756_JH21_MAG_00065	97.368	38	1	0	13	50	712	749	3.49e-09	65.8
AD_ASV2844	c_000000984756_JH21_MAG_00065	94.737	38	2	0	13	50	712	749	1.62e-07	60.2
AD_ASV83	c_000000984756_JH21_MAG_00065	97.368	38	1	0	13	50	712	749	3.49e-09	65.8
AD_ASV55	c_000000984756_JH21_MAG_00065	97.368	38	1	0	13	50	712	749	3.49e-09	65.8
AD_ASV33	c_000000984756_JH21_MAG_00065	94.737	38	2	0	13	50	712	749	1.62e-07	60.2
AD_ASV78	c_000000984756_JH21_MAG_00065	94.737	38	2	0	13	50	712	749	1.62e-07	60.2
AD_ASV48	c_000000984756_JH21_MAG_00065	94.737	38	2	0	13	50	712	749	1.62e-07	60.2
AD_ASV28	c_000000984756_JH21_MAG_00065	94.737	38	2	0	13	50	712	749	1.62e-07	60.2
AD_ASV70	c_000000984756_JH21_MAG_00065	94.737	38	2	0	13	50	712	749	1.62e-07	60.2
AD_ASV2645	c_000000984756_JH21_MAG_00065	97.368	38	1	0	13	50	712	749	3.49e-09	65.8
AD_ASV19	c_000000984756_JH21_MAG_00065	97.368	38	1	0	13	50	712	749	3.49e-09	65.8
AD_ASV56	c_000000013053_JH21_MAG_00061	94.118	51	3	0	1	51	43	93	4.48e-13	78.7
AD_ASV56	c_000000984756_JH21_MAG_00065	97.368	38	1	0	13	50	712	749	3.49e-09	65.8
AD_ASV4	c_000000984756_JH21_MAG_00065	97.368	38	1	0	13	50	712	749	3.49e-09	65.8
AD_ASV13	c_000000984756_JH21_MAG_00065	97.368	38	1	0	13	50	712	749	3.49e-09	65.8
AD_ASV5	c_000000984756_JH21_MAG_00065	94.737	38	2	0	13	50	712	749	1.62e-07	60.2
AD_ASV22	c_000000984756_JH21_MAG_00065	94.737	38	2	0	13	50	712	749	1.62e-07	60.2
AD_ASV17	c_000000984756_JH21_MAG_00065	94.737	38	2	0	13	50	712	749	1.62e-07	60.2
AD_ASV8	c_000000984756_JH21_MAG_00065	94.737	38	2	0	13	50	712	749	1.62e-07	60.2
AD_ASV72	c_000000984756_JH21_MAG_00065	97.368	38	1	0	13	50	712	749	3.49e-09	65.8
AD_ASV21	c_000000984756_JH21_MAG_00065	94.737	38	2	0	13	50	712	749	1.62e-07	60.2
AD_ASV11	c_000000984756_JH21_MAG_00065	94.737	38	2	0	13	50	712	749	1.62e-07	60.2
AD_ASV18	c_000000984756_JH21_MAG_00065	94.737	38	2	0	13	50	712	749	1.62e-07	60.2
AD_ASV1	c_000000984756_JH21_MAG_00065	94.737	38	2	0	13	50	712	749	1.62e-07	60.2
